CRN,Ders Kodu,Ders Adı,Öğretim Yöntemi,Öğretim Üyesi,Bina,Gün,Saat,Derslik,Kontenjan,Yazılan,Reservasyon Böl./Kont./Yaz.,Dersi Alabilen Programlar,Ders Önşartları,Başarılan Kredi/Sınıf Önşartı,bransKodu
30303,AKM 204,Akışkanlar Mekaniği,Fiziksel (Yüz yüze),Birgül Benli,MDB MDB,Salı Salı,08:30/11:59 14:00/17:29,A101 A101,50,45,-,"DEN_LS, GEM_LS, IBM_LS, INS_LS, MTO_LS, TEK_LS, UCK_LS",Detay,-,AKM
30386,AKM 204,Akışkanlar Mekaniği,Fiziksel (Yüz yüze),Necati Erdem Ünal,INB INB,Perşembe Perşembe,10:00/12:59 13:30/17:29,B303 B303,30,32,-,"CEV_LS, INS_LS",Detay,-,AKM
30387,AKM 204,Akışkanlar Mekaniği,Fiziksel (Yüz yüze),Necati Erdem Ünal,INB INB,Çarşamba Çarşamba,10:00/12:59 13:30/17:29,B304 B304,30,23,-,"CEV_LS, INS_LS",Detay,-,AKM
30376,AKM 204E,Fluid Mechanics,Fiziksel (Yüz yüze),Erdal Kesgin,INB INB,Salı Salı,08:30/12:29 13:30/16:29,B103 B103,25,48,-,"INS_LS, INSE_LS, MEN_LS, NAE_LS, PET_LS, PETE_LS, TEK_LS, TEKE_LS",Detay,-,AKM
30466,AKM 204E,Fluid Mechanics,Fiziksel (Yüz yüze),Cenk Kaya,DZB DZB,Perşembe Perşembe,08:30/12:29 13:30/16:29,-- --,45,33,-,"DUI_LS, MEN_LS, MTM_LS",Detay,-,AKM
30284,ATA 121,Atatürk İlk & İnkılap Trh I,Sanal (Çevrimiçi/Online),Çağdaş Taylan Salın,MED MED,Pazartesi Perşembe,10:30/12:59 10:30/12:59,-- --,80,116,-,"ARC_LS, BIO_LS, BIOE_LS, BLG_LS, BLGE_LS, CEN_LS, CEV_LS, CEVE_LS, CHZ_LS, CHZE_LS, DEN_LS, DENE_LS, DUI_LS, DUIE_LS, ECNE_LS, EEE_LS, EFN_LS, EHB_LS, EHBE_LS, ELE_LS, ELH_LS, ELK_LS, ELKE_LS, END_LS, ENDE_LS, ENT_LS, ENTE_LS, EUT_LS, EUTE_LS, FIZ_LS, FIZE_LS, GEM_LS, GEME_LS, GEMK_LS, GEO_LS, GEOE_LS, GID_LS, GIDE_LS, GMI_LS, GMIE_LS, HTA_LS, HTAE_LS, IAD_LS, IBM_LS, ICM_LS, IML_LS, IMLE_LS, IND_LS, INS_LS, INSE_LS, ISL_LS, ISLE_LS, JEF_LS, JEFE_LS, JEO_LS, JEOE_LS, KIM_LS, KIME_LS, KMM_LS, KMME_LS, KOM_LS, KOME_LS, KON_LS, MAD_LS, MADE_LS, MAK_LS, MAT_LS, MATE_LS, MEN_LS, MET_LS, METE_LS, MIM_LS, MIME_LS, MMD_LS, MTM_LS, MTO_LS, MTOE_LS, NAE_LS, PEM_LS, PEME_LS, PET_LS, PETE_LS, ROS_LS, ROSE_LS, SAO_OL, SBP_LS, SBPE_LS, SECE_LS, TEK_LS, TEKE_LS, TEL_LS, THO_LS, UCK_LS, UZB_LS, UZBE_LS, VBAE_LS, YZVE_LS",-,-,ATA
30285,ATA 121,Atatürk İlk & İnkılap Trh I,Sanal (Çevrimiçi/Online),Çağdaş Taylan Salın,MED MED,Salı Cuma,10:30/12:59 10:30/12:59,-- --,80,110,-,"ARC_LS, BIO_LS, BIOE_LS, BLG_LS, BLGE_LS, CEN_LS, CEV_LS, CEVE_LS, CHZ_LS, CHZE_LS, DEN_LS, DENE_LS, DUI_LS, DUIE_LS, ECNE_LS, EEE_LS, EFN_LS, EHB_LS, EHBE_LS, ELE_LS, ELH_LS, ELK_LS, ELKE_LS, END_LS, ENDE_LS, ENT_LS, ENTE_LS, EUT_LS, EUTE_LS, FIZ_LS, FIZE_LS, GEM_LS, GEME_LS, GEMK_LS, GEO_LS, GEOE_LS, GID_LS, GIDE_LS, GMI_LS, GMIE_LS, HTA_LS, HTAE_LS, IAD_LS, IBM_LS, ICM_LS, IML_LS, IMLE_LS, IND_LS, INS_LS, INSE_LS, ISL_LS, ISLE_LS, JEF_LS, JEFE_LS, JEO_LS, JEOE_LS, KIM_LS, KIME_LS, KMM_LS, KMME_LS, KOM_LS, KOME_LS, KON_LS, MAD_LS, MADE_LS, MAK_LS, MAT_LS, MATE_LS, MEN_LS, MET_LS, METE_LS, MIM_LS, MIME_LS, MMD_LS, MTM_LS, MTO_LS, MTOE_LS, NAE_LS, PEM_LS, PEME_LS, PET_LS, PETE_LS, ROS_LS, ROSE_LS, SAO_OL, SBP_LS, SBPE_LS, SECE_LS, TEK_LS, TEKE_LS, TEL_LS, THO_LS, UCK_LS, UZB_LS, UZBE_LS, VBAE_LS, YZVE_LS",-,-,ATA
30286,ATA 122,Atatürk İlk & İnkılap Trh II,Sanal (Çevrimiçi/Online),Çağdaş Taylan Salın,MED MED,Pazartesi Perşembe,15:00/17:29 15:00/17:29,-- --,80,120,-,"ARC_LS, BIO_LS, BIOE_LS, BLG_LS, BLGE_LS, CEN_LS, CEV_LS, CEVE_LS, CHZ_LS, CHZE_LS, DEN_LS, DENE_LS, DUI_LS, DUIE_LS, ECNE_LS, EEE_LS, EFN_LS, EHB_LS, EHBE_LS, ELE_LS, ELH_LS, ELK_LS, ELKE_LS, END_LS, ENDE_LS, ENT_LS, ENTE_LS, EUT_LS, EUTE_LS, FIZ_LS, FIZE_LS, GEM_LS, GEME_LS, GEMK_LS, GEO_LS, GEOE_LS, GID_LS, GIDE_LS, GMI_LS, GMIE_LS, HTA_LS, HTAE_LS, IAD_LS, IBM_LS, ICM_LS, IML_LS, IMLE_LS, IND_LS, INS_LS, INSE_LS, ISL_LS, ISLE_LS, JEF_LS, JEFE_LS, JEO_LS, JEOE_LS, KIM_LS, KIME_LS, KMM_LS, KMME_LS, KOM_LS, KOME_LS, KON_LS, MAD_LS, MADE_LS, MAK_LS, MAT_LS, MATE_LS, MEN_LS, MET_LS, METE_LS, MIM_LS, MIME_LS, MMD_LS, MTM_LS, MTO_LS, MTOE_LS, NAE_LS, PEM_LS, PEME_LS, PET_LS, PETE_LS, ROS_LS, ROSE_LS, SAO_OL, SBP_LS, SBPE_LS, SECE_LS, TEK_LS, TEKE_LS, TEL_LS, THO_LS, UCK_LS, UZB_LS, UZBE_LS, VBAE_LS, YZVE_LS",-,-,ATA
30287,ATA 122,Atatürk İlk & İnkılap Trh II,Sanal (Çevrimiçi/Online),Çağdaş Taylan Salın,MED MED,Salı Cuma,15:00/17:29 15:00/17:29,-- --,80,115,-,"ARC_LS, BIO_LS, BIOE_LS, BLG_LS, BLGE_LS, CEN_LS, CEV_LS, CEVE_LS, CHZ_LS, CHZE_LS, DEN_LS, DENE_LS, DUI_LS, DUIE_LS, ECNE_LS, EEE_LS, EFN_LS, EHB_LS, EHBE_LS, ELE_LS, ELH_LS, ELK_LS, ELKE_LS, END_LS, ENDE_LS, ENT_LS, ENTE_LS, EUT_LS, EUTE_LS, FIZ_LS, FIZE_LS, GEM_LS, GEME_LS, GEMK_LS, GEO_LS, GEOE_LS, GID_LS, GIDE_LS, GMI_LS, GMIE_LS, HTA_LS, HTAE_LS, IAD_LS, IBM_LS, ICM_LS, IML_LS, IMLE_LS, IND_LS, INS_LS, INSE_LS, ISL_LS, ISLE_LS, JEF_LS, JEFE_LS, JEO_LS, JEOE_LS, KIM_LS, KIME_LS, KMM_LS, KMME_LS, KOM_LS, KOME_LS, KON_LS, MAD_LS, MADE_LS, MAK_LS, MAT_LS, MATE_LS, MEN_LS, MET_LS, METE_LS, MIM_LS, MIME_LS, MMD_LS, MTM_LS, MTO_LS, MTOE_LS, NAE_LS, PEM_LS, PEME_LS, PET_LS, PETE_LS, ROS_LS, ROSE_LS, SAO_OL, SBP_LS, SBPE_LS, SECE_LS, TEK_LS, TEKE_LS, TEL_LS, THO_LS, UCK_LS, UZB_LS, UZBE_LS, VBAE_LS, YZVE_LS",-,-,ATA
30433,BBF 204E,Formal Languages and Automata,Fiziksel (Yüz yüze),Gökhan Seçinti,BBB BBB,Cuma Cuma,09:00/12:29 14:00/17:29,104 104,60,66,-,"BLG_LS, BLGE_LS, SECE_LS, YZVE_LS",Detay,-,BBF
30487,BBF 204E,Formal Languages and Automata,Fiziksel (Yüz yüze),Tuğçe Bilen,BBB BBB,Cuma Cuma,09:00/12:29 14:00/17:29,Z-19 Z-19,60,10,-,CEN_LS,Detay,-,BBF
30335,BBF 301E,Analysis of Algorithms I,Fiziksel (Yüz yüze),Hazım Kemal Ekenel,BBB BBB BBB,Pazartesi Pazartesi Salı,10:00/11:59 13:30/15:29 09:30/12:29,Z-16 Z-16 Z-16,90,87,-,"BLG_LS, BLGE_LS, CEN_LS, SECE_LS, YZVE_LS",Detay,-,BBF
30274,BIL 100E,Intr.to Prog.Language(PYTHON),Fiziksel (Yüz yüze),Ahmet Öztopal,INB INB,Çarşamba Çarşamba,09:30/12:29 13:30/17:29,D103 D103,20,6,-,"IBM_LS, MTO_LS",-,-,BIL
30337,BIL 100E,Intr.to Prog.Language(PYTHON),Sanal (Çevrimiçi/Online),Evren Dağlarlı,BBB BBB,Pazartesi Pazartesi,09:30/12:29 13:30/17:29,-- --,100,41,-,"ARC_LS, BIO_LS, BIOE_LS, CEV_LS, CEVE_LS, CHZ_LS, CHZE_LS, DEN_LS, DENE_LS, DUI_LS, DUIE_LS, ECNE_LS, EEE_LS, EFN_LS, EHB_LS, EHBE_LS, ELE_LS, ELH_LS, ELKE_LS, END_LS, ENDE_LS, ENT_LS, ENTE_LS, EUT_LS, EUTE_LS, FIZ_LS, FIZE_LS, GEM_LS, GEME_LS, GEMK_LS, GID_LS, GIDE_LS, GMI_LS, GMIE_LS, IAD_LS, ICM_LS, IML_LS, IMLE_LS, IND_LS, INS_LS, INSE_LS, ISL_LS, ISLE_LS, JEF_LS, JEFE_LS, JEO_LS, JEOE_LS, KIM_LS, KIME_LS, KMM_LS, KMME_LS, KOM_LS, KOME_LS, MAD_LS, MADE_LS, MAK_LS, MAKE_LS, MAT_LS, MATE_LS, MET_LS, METE_LS, MIM_LS, MIME_LS, NAE_LS, PEM_LS, PEME_LS, PET_LS, PETE_LS, SBP_LS, SBPE_LS, SEN_LS, TEK_LS, TEKE_LS, TEL_LS, UCK_LS, UZB_LS, UZBE_LS",-,-,BIL
30338,BIL 100E,Intr.to Prog.Language(PYTHON),Sanal (Çevrimiçi/Online),Ömer Özyıldırım,BBB BBB,Çarşamba Çarşamba,09:30/12:29 13:30/17:29,-- --,100,44,-,"ARC_LS, BIO_LS, BIOE_LS, CEV_LS, CEVE_LS, CHZ_LS, CHZE_LS, DEN_LS, DENE_LS, DUI_LS, DUIE_LS, ECNE_LS, EEE_LS, EFN_LS, EHB_LS, EHBE_LS, ELE_LS, ELH_LS, ELKE_LS, END_LS, ENDE_LS, ENT_LS, ENTE_LS, EUT_LS, EUTE_LS, FIZ_LS, FIZE_LS, GEM_LS, GEME_LS, GEMK_LS, GID_LS, GIDE_LS, GMI_LS, GMIE_LS, IAD_LS, ICM_LS, IML_LS, IMLE_LS, IND_LS, INS_LS, INSE_LS, ISL_LS, ISLE_LS, JEF_LS, JEFE_LS, JEO_LS, JEOE_LS, KIM_LS, KIME_LS, KMM_LS, KMME_LS, KOM_LS, KOME_LS, MAD_LS, MADE_LS, MAK_LS, MAKE_LS, MAT_LS, MATE_LS, MET_LS, METE_LS, MIM_LS, MIME_LS, NAE_LS, PEM_LS, PEME_LS, PET_LS, PETE_LS, SBP_LS, SBPE_LS, SEN_LS, TEK_LS, TEKE_LS, TEL_LS, UCK_LS, UZB_LS, UZBE_LS",-,-,BIL
30339,BIL 100E,Intr.to Prog.Language(PYTHON),Sanal (Çevrimiçi/Online),Doğu Sırt,BBB BBB,Cuma Cuma,09:30/12:29 14:00/17:59,-- --,100,97,-,"ARC_LS, BIO_LS, BIOE_LS, CEV_LS, CEVE_LS, CHZ_LS, CHZE_LS, DEN_LS, DENE_LS, DUI_LS, DUIE_LS, ECNE_LS, EEE_LS, EFN_LS, EHB_LS, EHBE_LS, ELE_LS, ELH_LS, ELKE_LS, END_LS, ENDE_LS, ENT_LS, ENTE_LS, EUT_LS, EUTE_LS, FIZ_LS, FIZE_LS, GEM_LS, GEME_LS, GEMK_LS, GID_LS, GIDE_LS, GMI_LS, GMIE_LS, IAD_LS, ICM_LS, IML_LS, IMLE_LS, IND_LS, INS_LS, INSE_LS, ISL_LS, ISLE_LS, JEF_LS, JEFE_LS, JEO_LS, JEOE_LS, KIM_LS, KIME_LS, KMM_LS, KMME_LS, KOM_LS, KOME_LS, MAD_LS, MADE_LS, MAK_LS, MAKE_LS, MAT_LS, MATE_LS, MET_LS, METE_LS, MIM_LS, MIME_LS, NAE_LS, PEM_LS, PEME_LS, PET_LS, PETE_LS, SBP_LS, SBPE_LS, SEN_LS, TEK_LS, TEKE_LS, TEL_LS, UCK_LS, UZB_LS, UZBE_LS",-,-,BIL
30389,BIL 100E,Intr.to Prog.Language(PYTHON),Sanal (Çevrimiçi/Online),Evren Dağlarlı,BBB BBB,Salı Salı,09:30/12:29 13:30/17:29,-- --,100,24,-,"ARC_LS, BIO_LS, BIOE_LS, CEV_LS, CEVE_LS, CHZ_LS, CHZE_LS, DEN_LS, DENE_LS, DUI_LS, DUIE_LS, ECNE_LS, EEE_LS, EFN_LS, EHB_LS, EHBE_LS, ELE_LS, ELH_LS, ELKE_LS, END_LS, ENDE_LS, ENT_LS, ENTE_LS, EUT_LS, EUTE_LS, FIZ_LS, FIZE_LS, GEM_LS, GEME_LS, GEMK_LS, GID_LS, GIDE_LS, GMI_LS, GMIE_LS, IAD_LS, ICM_LS, IML_LS, IMLE_LS, IND_LS, INS_LS, INSE_LS, ISL_LS, ISLE_LS, JEF_LS, JEFE_LS, JEO_LS, JEOE_LS, KIM_LS, KIME_LS, KMM_LS, KMME_LS, KOM_LS, KOME_LS, MAD_LS, MADE_LS, MAK_LS, MAKE_LS, MAT_LS, MATE_LS, MET_LS, METE_LS, MIM_LS, MIME_LS, NAE_LS, PEM_LS, PEME_LS, PET_LS, PETE_LS, SBP_LS, SBPE_LS, SEN_LS, TEK_LS, TEKE_LS, TEL_LS, UCK_LS, UZB_LS, UZBE_LS",-,-,BIL
30390,BIL 100E,Intr.to Prog.Language(PYTHON),Sanal (Çevrimiçi/Online),Ömer Özyıldırım,BBB BBB,Perşembe Perşembe,09:30/12:29 13:30/17:29,-- --,100,63,-,"ARC_LS, BIO_LS, BIOE_LS, CEV_LS, CEVE_LS, CHZ_LS, CHZE_LS, DEN_LS, DENE_LS, DUI_LS, DUIE_LS, ECNE_LS, EEE_LS, EFN_LS, EHB_LS, EHBE_LS, ELE_LS, ELH_LS, ELKE_LS, END_LS, ENDE_LS, ENT_LS, ENTE_LS, EUT_LS, EUTE_LS, FIZ_LS, FIZE_LS, GEM_LS, GEME_LS, GEMK_LS, GID_LS, GIDE_LS, GMI_LS, GMIE_LS, IAD_LS, ICM_LS, IML_LS, IMLE_LS, IND_LS, INS_LS, INSE_LS, ISL_LS, ISLE_LS, JEF_LS, JEFE_LS, JEO_LS, JEOE_LS, KIM_LS, KIME_LS, KMM_LS, KMME_LS, KOM_LS, KOME_LS, MAD_LS, MADE_LS, MAK_LS, MAKE_LS, MAT_LS, MATE_LS, MET_LS, METE_LS, MIM_LS, MIME_LS, NAE_LS, PEM_LS, PEME_LS, PET_LS, PETE_LS, SBP_LS, SBPE_LS, SEN_LS, TEK_LS, TEKE_LS, TEL_LS, UCK_LS, UZB_LS, UZBE_LS",-,-,BIL
30273,BIL 112E,Intr.to Prog.Language(FORTRAN),Fiziksel (Yüz yüze),Ahmet Öztopal,INB INB,Perşembe Perşembe,09:30/12:29 13:30/17:29,D101 D103,20,33,-,"IBM_LS, MTO_LS",-,-,BIL
30408,BIL 113E,Intr.to Sci& Eng.Comp.(MATLAB),Fiziksel (Yüz yüze),Muhammed Lütfi Yarar,BBB BBB,Perşembe Perşembe,09:00/12:59 14:00/16:59,-- --,50,48,-,"BIO_LS, BIOE_LS, CEV_LS, CEVE_LS, CHZ_LS, CHZE_LS, DEN_LS, DENE_LS, DUI_LS, DUIE_LS, ECNE_LS, EHB_LS, EHBE_LS, ELE_LS, ELH_LS, ELKE_LS, END_LS, ENDE_LS, ENTE_LS, EUT_LS, EUTE_LS, FIZ_LS, FIZE_LS, GEM_LS, GEME_LS, GEMK_LS, GID_LS, GIDE_LS, GMI_LS, GMIE_LS, ICM_LS, IML_LS, IMLE_LS, INS_LS, INSE_LS, ISL_LS, ISLE_LS, JEF_LS, JEFE_LS, JEO_LS, JEOE_LS, KIM_LS, KIME_LS, KOM_LS, KOME_LS, MAD_LS, MADE_LS, MAK_LS, MAKE_LS, MAT_LS, MATE_LS, MET_LS, METE_LS, MIM_LS, MIME_LS, MTO_LS, MTOE_LS, PEM_LS, PEME_LS, PET_LS, PETE_LS, SBP_LS, SBPE_LS, SEN_LS, TEK_LS, TEKE_LS, TEL_LS, UCK_LS, UZB_LS, UZBE_LS",-,-,BIL
30409,BIL 113E,Intr.to Sci& Eng.Comp.(MATLAB),Fiziksel (Yüz yüze),Muhammed Lütfi Yarar,BBB BBB,Cuma Cuma,09:00/12:59 14:00/16:59,-- --,50,54,-,"BIO_LS, BIOE_LS, CEV_LS, CEVE_LS, CHZ_LS, CHZE_LS, DEN_LS, DENE_LS, DUI_LS, DUIE_LS, ECNE_LS, EHB_LS, EHBE_LS, ELE_LS, ELH_LS, ELKE_LS, END_LS, ENDE_LS, ENTE_LS, EUT_LS, EUTE_LS, FIZ_LS, FIZE_LS, GEM_LS, GEME_LS, GEMK_LS, GID_LS, GIDE_LS, GMI_LS, GMIE_LS, ICM_LS, IML_LS, IMLE_LS, INS_LS, INSE_LS, ISL_LS, ISLE_LS, JEF_LS, JEFE_LS, JEO_LS, JEOE_LS, KIM_LS, KIME_LS, KOM_LS, KOME_LS, MAD_LS, MADE_LS, MAK_LS, MAKE_LS, MAT_LS, MATE_LS, MET_LS, METE_LS, MIM_LS, MIME_LS, MTO_LS, MTOE_LS, PEM_LS, PEME_LS, PET_LS, PETE_LS, SBP_LS, SBPE_LS, SEN_LS, TEK_LS, TEKE_LS, TEL_LS, UCK_LS, UZB_LS, UZBE_LS",-,-,BIL
30216,BIO 105E,General Biology I,Fiziksel (Yüz yüze),Ece Polat,FEB FEB,Çarşamba Cuma,09:30/13:29 14:30/17:29,D101 D101,55,13,-,"BIO_LS, BIO_YD, BIOE_LS",-,-,BIO
30215,BIO 301E,Fundamentals of Biology,Fiziksel (Yüz yüze),Ece Polat,FEB FEB,Salı Cuma,13:30/17:29 09:30/12:29,D101 D101,55,62,-,"CEVE_LS, CHZ_LS, CHZE_LS, EEE_LS, EHB_LS, EHBE_LS, EHS_LS, ELE_LS, ELH_LS, ELK_LS, ELKE_LS, FIZ_LS, FIZE_LS, GID_LS, INS_LS, INSE_LS, ISL_LS, ISLE_LS, JEO_LS, JEOE_LS, KIM_LS, KIME_LS, KMM_LS, KOM_LS, KOME_LS, MAD_LS, MADE_LS, MET_LS, METE_LS, PET_LS, PETE_LS",-,-,BIO
30334,BLG 223E,Data Structures,Fiziksel (Yüz yüze),Muhammet Alkan,BBB BBB BBB BBB,Çarşamba Çarşamba Perşembe Perşembe,09:30/12:29 13:30/15:29 09:30/11:59 13:30/15:29,Z-19 Z-19 Z-19 Z-19,60,60,-,"BLG_LS, BLGE_LS, CEN_LS, SECE_LS",Detay,-,BLG
30473,BLG 470E,Functional Programming,Fiziksel (Yüz yüze),Yusuf Hüseyin Şahin,BBB BBB,Cuma Cuma,14:00/16:59 08:30/12:29,Z-16 Z-16,90,104,-,"BLG_LS, BLGE_LS, CEN_LS",-,-,BLG
30481,CAB 277,Piyano III,Fiziksel (Yüz yüze),Alper Rumelioğlu,TMB TMB,Salı Salı,10:30/12:29 13:30/16:29,-- --,15,3,-,"MTR_LS, MUT_LS, MUZ_LS, MZT_LS, SES_LS",Detay,-,CAB
30453,CAB 444,Yrd.Çalgı Piyano VIII,Fiziksel (Yüz yüze),Alper Rumelioğlu,TMB TMB,Pazartesi Pazartesi,10:30/12:29 13:30/16:29,-- --,15,9,-,"BST_LS, CAB_LS, CEB_LS, KMP_LS",-,-,CAB
30158,CEV 302E,Biological Processes,Fiziksel (Yüz yüze),"Rüya Taşlı , Özlem Karahan Özgün",INB INB,Pazartesi Çarşamba,13:30/18:29 09:00/13:29,A203 A203,35,33,-,"CEV_LS, CEVE_LS",Detay,-,CEV
30159,CEV 347E,Unit Operations,Fiziksel (Yüz yüze),"Rüya Taşlı , Özlem Karahan Özgün",INB INB,Salı Perşembe,09:30/13:29 09:30/12:29,A203 A203,25,21,-,"CEV_LS, CEVE_LS",-,-,CEV
30157,CEV 442E,Environmental Law,Fiziksel (Yüz yüze),Derya Yüksel İmer,INB INB,Salı Çarşamba,10:30/12:29 10:30/13:29,A101 A101,60,19,-,"CEV_LS, CEVE_LS",-,Detay,CEV
30302,CHZ 318,Endüstriyel Hammaddeler,Fiziksel (Yüz yüze),Murat Olgaç Kangal,MDB MDB,Pazartesi Pazartesi,09:30/12:59 14:00/17:29,A101 A101,55,44,-,"CHZ_LS, CHZ_YD, MAD_LS, MAD_YD",-,-,CHZ
30394,CIE 326,Reinforced Concrete Design,Fiziksel (Yüz yüze),Medine İspir Arslan,INB INB INB INB,Çarşamba Çarşamba Cuma Cuma,09:00/11:59 14:00/16:59 09:00/11:59 14:00/16:59,B205 B205 B205 B205,25,13,-,SIN_LS,Detay,-,CIE
30399,DEN 308E,Stability of Marine Vehicles,Fiziksel (Yüz yüze),Erdem Üçer,MEDC MEDC,Çarşamba Çarşamba,09:30/12:29 13:00/14:59,3D20 2D17,58,72,-,DEN_LS,-,-,DEN
30398,DEN 325E,Adv. Manufacturing Process,Fiziksel (Yüz yüze),Mete Kayıhan,MEDC MEDC,Pazartesi Pazartesi,09:30/12:29 13:30/17:29,2D18 2D18,60,23,-,"DEN_LS, DENE_LS",Detay,-,DEN
30326,DEN 339,Deniz Kirliliği,Fiziksel (Yüz yüze),Oktay Eren Türeyen,MEDC MEDC,Salı Salı,09:30/12:29 13:30/15:29,2D14 2D14,30,7,-,"DEN_LS, OSN_YD",-,-,DEN
30402,DEN 340E,Hydrostatics of Marine Vehic.,Fiziksel (Yüz yüze),Ömer Kemal Kınacı,MEDC MEDC,Salı Salı,10:00/11:59 13:00/15:59,2D17 2D17,40,39,-,DEN_LS,-,-,DEN
30435,DFH 202E,Ship Emergency Response,Fiziksel (Yüz yüze),Orhan Gönel,DZB DZB,Salı Çarşamba,14:30/16:59 14:30/16:59,-- --,30,1,-,"DUI_LS, GMI_LS, MEN_LS, MTM_LS",-,Detay,DFH
30492,DFH 203E,Basic Swimming Skills,Fiziksel (Yüz yüze),Birgül Arslanoğlu,DZB,Çarşamba,08:30/13:29,--,30,11,-,"DUI_LS, MTM_LS",-,-,DFH
30436,DFH 232E,Business Logistics,Fiziksel (Yüz yüze),Sinan Çakır,DZB DZB,Pazartesi Pazartesi,08:30/12:29 13:30/14:29,-- --,45,23,-,"DUI_LS, MTM_LS",-,-,DFH
30375,DNK 201,Dinamik,Fiziksel (Yüz yüze),Erol Demirkan,INB INB INB,Pazartesi Pazartesi Çarşamba,10:30/12:29 13:30/16:29 10:30/12:29,B206 B206 B206,50,42,-,"DEN_LS, EHB_LS, ELK_LS, GEM_LS, IML_LS, INS_LS, KOM_LS, MAD_LS, MAK_LS, MET_LS, PET_LS, ROS_LS, UZB_LS",Detay,-,DNK
30281,DNK 201E,Dynamics,Fiziksel (Yüz yüze),Mehmet Selim Akay,MEDC MEDC,Çarşamba Çarşamba,09:30/12:29 13:30/17:29,ZA3 ZA3,50,16,-,"UCK_LS, UZB_LS, UZBE_LS",Detay,-,DNK
30373,DNK 201E,Dynamics,Fiziksel (Yüz yüze),Ünal Aldemir,INB INB INB,Salı Çarşamba Çarşamba,13:30/15:29 09:30/12:29 13:30/15:29,A202 A202 A202,25,14,-,"DEN_LS, DENE_LS, EHB_LS, EHBE_LS, ELK_LS, ELKE_LS, GEM_LS, GEME_LS, IML_LS, IMLE_LS, INS_LS, INSE_LS, KOM_LS, KOME_LS, MAD_LS, MADE_LS, MAK_LS, MAKE_LS, MET_LS, METE_LS, NAE_LS, PET_LS, PETE_LS, ROS_LS, ROSE_LS, UZB_LS, UZBE_LS",Detay,-,DNK
30437,DUI 103E,Seamanship,Fiziksel (Yüz yüze),Orhan Gönel,DZB DZB DZB DZB,Salı Salı Çarşamba Çarşamba,08:30/12:29 13:30/14:29 09:00/12:29 13:30/14:29,-- -- -- --,45,4,-,"DUI_LS, MTM_LS",-,-,DUI
30465,DUI 213E,Ship Constrct.and Stability,Fiziksel (Yüz yüze),Cenk Kaya,DZB DZB,Cuma Cuma,08:30/12:29 14:00/16:59,-- --,60,33,-,"DUI_LS, MTM_LS",-,-,DUI
30251,DUI 251,Meteoroloji,Fiziksel (Yüz yüze),Ayşe Nak,DZB DZB,Çarşamba Çarşamba,13:30/16:29 08:30/12:29,-- --,45,9,-,DUI_LS,-,-,DUI
30252,DUI 311E,Celestial Navigation,Fiziksel (Yüz yüze),Orhan Gönel,DZB DZB,Perşembe Perşembe,08:30/12:29 13:30/16:29,-- --,45,33,-,"DUI_LS, MTM_LS",-,-,DUI
30438,DUI 361E,Technical Ship Management,Fiziksel (Yüz yüze),Gizem Çevik,DZB DZB,Perşembe Perşembe,09:30/12:29 13:30/15:29,-- --,50,22,-,"DUI_LS, MTM_LS",-,-,DUI
30250,DUI 402,Deniz Hukuku II,Fiziksel (Yüz yüze),Nuri Koray Kurun,DZB DZB,Cuma Cuma,08:30/12:29 14:00/16:59,-- --,20,6,-,DUI_LS,Detay,-,DUI
30439,DUI 407E,Cargo Handl and Stowage,Fiziksel (Yüz yüze),Cenk Ay,DZB DZB,Pazartesi Pazartesi,08:30/12:29 13:30/16:29,-- --,45,32,-,"DUI_LS, MTM_LS",Detay,-,DUI
30440,DUI 472,Oşinografi,Fiziksel (Yüz yüze),Ayşe Nak,DZB DZB,Salı Salı,09:30/12:29 13:30/15:29,-- --,30,6,-,DUI_LS,-,-,DUI
30441,DUI 474E,Bridge Team and Resource Management,Fiziksel (Yüz yüze),Cemil Yurtören,DZB DZB,Salı Salı,08:30/12:29 13:30/16:29,-- --,30,2,-,"DUI_LS, MTM_LS",Detay,-,DUI
30462,EEF 110E,Intr. to Prog. Language (C),Sanal (Çevrimiçi/Online),"Bora Döken , Cenk Andiç",EEB EEB,Salı Perşembe,09:30/12:29 09:30/13:29,-- --,100,73,-,"EEE_LS, EHB_LS, EHBE_LS, ELK_LS, ELKE_LS, KOM_LS, KOME_LS, ROS_LS, ROSE_LS",-,-,EEF
30461,EEF 205E,Introduction to Logic Design,Fiziksel (Yüz yüze),"Osman Kaan Erol , Onur Akbatı , Yücel Aydın",EEB EEB,Salı Perşembe,09:30/13:29 09:30/12:29,6309 6309,80,29,EEE_LS/10/5 | Diğer/70/24,"EEE_LS, EHB_LS, EHBE_LS, ELK_LS, ELKE_LS, KOM_LS, KOME_LS, ROS_LS, ROSE_LS",-,-,EEF
30269,EEF 206E,Signal Processing&Linear Syst.,Fiziksel (Yüz yüze),Mehmet Can,EEB EEB EEB,Pazartesi Pazartesi Çarşamba,08:30/11:59 13:30/16:29 08:30/11:29,5202 5202 5202,110,92,EEE_LS/10/10 | Diğer/100/82,"EEE_LS, EHB_LS, EHBE_LS, ELK_LS, ELKE_LS, KOM_LS, KOME_LS, ROS_LS, ROSE_LS",-,-,EEF
30261,EEF 210E,Differential Equations,Fiziksel (Yüz yüze),Emre İşcan,EEB EEB,Salı Perşembe,10:00/13:59 10:00/12:59,5102 5102,80,69,EEE_LS/10/7 | Diğer/70/62,"EEE_LS, EHB_LS, EHBE_LS, ELK_LS, ELKE_LS, KOM_LS, KOME_LS, ROS_LS, ROSE_LS",Detay,-,EEF
30264,EEF 211E,Basics of Electrical Circuits,Fiziksel (Yüz yüze),Metin Hüner,EEB EEB,Salı Salı,08:30/12:29 13:30/16:29,5202 5202,80,55,EEE_LS/5/5 | Diğer/75/50,"BLG_LS, BLGE_LS, CEN_LS, EEE_LS, EHB_LS, EHBE_LS, ELK_LS, ELKE_LS, KOM_LS, KOME_LS, ROS_LS, ROSE_LS",Detay,-,EEF
30266,EEF 212E,Electromagnetic Theory I,Fiziksel (Yüz yüze),Burak Acar,EEB EEB EEB,Salı Perşembe Cuma,08:30/11:29 13:30/16:29 09:30/12:59,5204 5204 5204,110,102,EEE_LS/10/4 | Diğer/100/98,"EEE_LS, EHB_LS, EHBE_LS, ELK_LS, ELKE_LS, KOM_LS, KOME_LS, ROS_LS, ROSE_LS",Detay,-,EEF
30265,EEF 232E,Circuit and System Analysis,Fiziksel (Yüz yüze),Bilgi Görkem Yazgaç,MED MED,Çarşamba Çarşamba,08:30/12:29 13:30/16:29,A35 A35,125,122,EEE_LS/5/5 | Diğer/120/117,"EEE_LS, EHB_LS, EHBE_LS, ELK_LS, ELKE_LS, KOM_LS, KOME_LS, ROS_LS, ROSE_LS",Detay,-,EEF
30495,EEF 232E,Circuit and System Analysis,Fiziksel (Yüz yüze),Metin Hüner,EEB EEB,Çarşamba Çarşamba,08:30/12:29 13:30/16:29,5201 5201,40,33,EEE_LS/2/1 | Diğer/38/32,"EEE_LS, EHB_LS, EHBE_LS, ELK_LS, ELKE_LS, KOM_LS, KOME_LS, ROS_LS, ROSE_LS",Detay,-,EEF
30267,EEF 262E,Fundamentals of Electronics,Fiziksel (Yüz yüze),"Mustafa Altun , Hacer Atar Yıldız",MED MED MED,Pazartesi Pazartesi Salı,08:30/11:59 13:30/16:29 08:30/11:29,A32 A32 A32,125,119,EEE_LS/5/2 | Diğer/120/117,"EEE_LS, EHB_LS, EHBE_LS, ELK_LS, ELKE_LS, KOM_LS, KOME_LS, ROS_LS, ROSE_LS",Detay,-,EEF
30268,EEF 262E,Fundamentals of Electronics,Fiziksel (Yüz yüze),Muhammed Yasin Adıyaman,EEB EEB EEB,Pazartesi Pazartesi Cuma,08:30/12:29 13:30/16:29 14:00/16:29,6309 6309 6309,125,118,EEE_LS/5/4 | Diğer/120/114,"EEE_LS, EHB_LS, EHBE_LS, ELK_LS, ELKE_LS, KOM_LS, KOME_LS, ROS_LS, ROSE_LS",Detay,-,EEF
30263,EHB 222E,Introduction to Electronics,Fiziksel (Yüz yüze),Muhammet Tahir Güneşer,EEB EEB,Pazartesi Çarşamba,08:30/12:29 08:30/11:29,5102 5102,80,72,-,"BLG_LS, BLGE_LS, CEN_LS, EHB_LS, EHBE_LS, ELK_LS, ELKE_LS, KOM_LS, KOME_LS, ROS_LS, ROSE_LS",-,-,EHB
30262,EHB 335E,Analog Electronic Circuits,Fiziksel (Yüz yüze),Mustafa Berke Yelten,EEB EEB EEB,Salı Çarşamba Perşembe,09:30/11:59 09:30/11:59 10:00/11:59,5104 5104 5104,80,54,EEE_LS/5/2 | Diğer/75/52,"EEE_LS, EHB_LS, EHBE_LS",Detay,-,EHB
30244,EKO 201E,Economics,Fiziksel (Yüz yüze),Sinan Çakır,DZB DZB,Perşembe Perşembe,08:30/11:29 12:30/16:29,-- --,60,58,-,"DUI_LS, GMI_LS, MEN_LS",-,-,EKO
30258,EKO 201E,Economics,Sanal (Çevrimiçi/Online),Umut Kuruüzüm,MED MED,Salı Çarşamba,09:30/12:59 09:30/12:59,-- --,300,282,-,"ARC_LS, BLG_LS, BLGE_LS, CEN_LS, CEV_LS, CEVE_LS, CHZ_LS, CHZE_LS, DEN_LS, DENE_LS, DUI_LS, DUIE_LS, EEE_LS, EHB_LS, EHBE_LS, ELE_LS, ELH_LS, ELK_LS, ELKE_LS, END_LS, ENDE_LS, ENTE_LS, EUT_LS, EUTE_LS, FIZ_LS, GEM_LS, GEME_LS, GEMK_LS, GEO_LS, GEOE_LS, GID_LS, GIDE_LS, GMI_LS, GMIE_LS, IAD_LS, IBM_LS, ICM_LS, IML_LS, IMLE_LS, IND_LS, INS_LS, INSE_LS, JEF_LS, JEO_LS, JEOE_LS, KMM_LS, KMME_LS, KOM_LS, KOME_LS, MAD_LS, MADE_LS, MAK_LS, MAKE_LS, MAT_LS, MATE_LS, MEN_LS, MET_LS, METE_LS, MIM_LS, MIME_LS, MTO_LS, MTOE_LS, PEM_LS, PEME_LS, PET_LS, PETE_LS, SBP_LS, SBPE_LS, SECE_LS, TEK_LS, TEKE_LS, TEL_LS, UCK_LS, UZB_LS, UZBE_LS, VBAE_LS, YZVE_LS",-,-,EKO
30494,ELK 322E,Power Transmission Systems,Fiziksel (Yüz yüze),Veysel Murat İstemihan Genç,EEB EEB,Perşembe Perşembe,08:30/12:29 13:30/16:29,-- --,30,19,EEE_LS/10/2 | Diğer/20/17,"EEE_LS, ELK_LS, ELKE_LS",Detay,-,ELK
30460,ELK 356,Elektrik Makinaları,Fiziksel (Yüz yüze),Murat İmeryüz,EEB EEB,Çarşamba Perşembe,09:30/13:29 10:30/13:29,5302 5302,30,13,-,"ELK_LS, KOM_LS",Detay,-,ELK
30406,ELK 431E,Electrical Machines Lab.,Fiziksel (Yüz yüze),"Derya Ahmet Kocabaş , Ali Saffet Altay",EEB EEB,Pazartesi Çarşamba,12:30/14:59 12:30/14:59,-- --,45,28,-,"ELK_LS, ELKE_LS",Detay,-,ELK
30202,FIZ 101,Fizik I,Fiziksel (Yüz yüze),Haluk Özbek,FEB FEB,Perşembe Cuma,08:30/11:59 08:30/11:59,D102 D102,100,43,-,"BIO_LS, BLG_LS, CEV_LS, CHZ_LS, DEN_LS, DUI_LS, EHB_LS, ELE_LS, ELH_LS, ELK_LS, END_LS, EUT_LS, FIZ_YD, GEM_LS, GEO_LS, GID_LS, GMI_LS, HTA_LS, IBM_LS, IML_LS, INS_LS, ISL_LS, JEF_LS, JEO_LS, KIM_LS, KMM_LS, KMM_YD, KOM_LS, MAD_LS, MAK_LS, MAT_LS, MET_LS, MTO_LS, PET_LS, ROS_LS, TEK_LS, TEL_LS, UCK_LS, UCK_YD, UZB_LS",-,-,FIZ
30203,FIZ 101,Fizik I,Fiziksel (Yüz yüze),Haluk Özbek,FEB FEB,Perşembe Cuma,13:30/16:59 14:00/17:29,D102 D102,100,78,-,"BIO_LS, BLG_LS, CEV_LS, CHZ_LS, DEN_LS, DUI_LS, EHB_LS, ELE_LS, ELH_LS, ELK_LS, END_LS, EUT_LS, FIZ_YD, GEM_LS, GEO_LS, GID_LS, GMI_LS, HTA_LS, IBM_LS, IML_LS, INS_LS, ISL_LS, JEF_LS, JEO_LS, KIM_LS, KMM_LS, KMM_YD, KOM_LS, MAD_LS, MAK_LS, MAT_LS, MET_LS, MTO_LS, PET_LS, ROS_LS, TEK_LS, TEL_LS, UCK_LS, UCK_YD, UZB_LS",-,-,FIZ
30204,FIZ 101E,Physics I,Fiziksel (Yüz yüze),Nurcan Doğan Bingölbali,YDY YDY,Salı Çarşamba,08:30/11:59 08:30/11:59,174 174,120,101,-,"BIO_LS, BIOE_LS, BLG_LS, BLGE_LS, CEN_LS, CEV_LS, CEVE_LS, CHZ_LS, CHZE_LS, DEN_LS, DENE_LS, DUI_LS, DUIE_LS, EEE_LS, EHB_LS, EHBE_LS, ELE_LS, ELH_LS, ELK_LS, ELKE_LS, END_LS, ENDE_LS, ENTE_LS, EUT_LS, EUTE_LS, FIZ_YD, GEM_LS, GEME_LS, GEO_LS, GEOE_LS, GID_LS, GIDE_LS, GMI_LS, GMIE_LS, HTA_LS, HTAE_LS, IBM_LS, IML_LS, IMLE_LS, IND_LS, INS_LS, INSE_LS, ISL_LS, ISLE_LS, JEF_LS, JEFE_LS, JEO_LS, JEOE_LS, KIM_LS, KIME_LS, KMM_LS, KMM_YD, KMME_LS, KOM_LS, KOME_LS, MAD_LS, MADE_LS, MAK_LS, MAK_YD, MAKE_LS, MAT_LS, MATE_LS, MEN_LS, MET_LS, METE_LS, MTM_LS, MTO_LS, MTOE_LS, NAE_LS, PET_LS, PETE_LS, ROS_LS, ROSE_LS, SECE_LS, TEK_LS, TEKE_LS, TEL_LS, UCK_LS, UCK_YD, UZB_LS, UZB_YD, UZBE_LS, YZVE_LS",-,-,FIZ
30205,FIZ 101E,Physics I,Fiziksel (Yüz yüze),Nurcan Doğan Bingölbali,YDY YDY,Salı Çarşamba,13:30/16:59 13:30/16:59,174 174,125,120,-,"BIO_LS, BIOE_LS, BLG_LS, BLGE_LS, CEN_LS, CEV_LS, CEVE_LS, CHZ_LS, CHZE_LS, DEN_LS, DENE_LS, DUI_LS, DUIE_LS, EEE_LS, EHB_LS, EHBE_LS, ELE_LS, ELH_LS, ELK_LS, ELKE_LS, END_LS, ENDE_LS, ENTE_LS, EUT_LS, EUTE_LS, FIZ_YD, GEM_LS, GEME_LS, GEO_LS, GEOE_LS, GID_LS, GIDE_LS, GMI_LS, GMIE_LS, HTA_LS, HTAE_LS, IBM_LS, IML_LS, IMLE_LS, IND_LS, INS_LS, INSE_LS, ISL_LS, ISLE_LS, JEF_LS, JEFE_LS, JEO_LS, JEOE_LS, KIM_LS, KIME_LS, KMM_LS, KMM_YD, KMME_LS, KOM_LS, KOME_LS, MAD_LS, MADE_LS, MAK_LS, MAK_YD, MAKE_LS, MAT_LS, MATE_LS, MEN_LS, MET_LS, METE_LS, MTM_LS, MTO_LS, MTOE_LS, NAE_LS, PET_LS, PETE_LS, ROS_LS, ROSE_LS, SECE_LS, TEK_LS, TEKE_LS, TEL_LS, UCK_LS, UCK_YD, UZB_LS, UZB_YD, UZBE_LS, YZVE_LS",-,-,FIZ
30206,FIZ 101E,Physics I,Fiziksel (Yüz yüze),Sevtap Yıldız Özbek,FEB FEB,Perşembe Cuma,08:30/11:59 08:30/11:59,D304 D304,120,80,-,"BIO_LS, BIOE_LS, BLG_LS, BLGE_LS, CEN_LS, CEV_LS, CEVE_LS, CHZ_LS, CHZE_LS, DEN_LS, DENE_LS, DUI_LS, DUIE_LS, EEE_LS, EHB_LS, EHBE_LS, ELE_LS, ELH_LS, ELK_LS, ELKE_LS, END_LS, ENDE_LS, ENTE_LS, EUT_LS, EUTE_LS, FIZ_YD, GEM_LS, GEME_LS, GEO_LS, GEOE_LS, GID_LS, GIDE_LS, GMI_LS, GMIE_LS, HTA_LS, HTAE_LS, IBM_LS, IML_LS, IMLE_LS, IND_LS, INS_LS, INSE_LS, ISL_LS, ISLE_LS, JEF_LS, JEFE_LS, JEO_LS, JEOE_LS, KIM_LS, KIME_LS, KMM_LS, KMM_YD, KMME_LS, KOM_LS, KOME_LS, MAD_LS, MADE_LS, MAK_LS, MAK_YD, MAKE_LS, MAT_LS, MATE_LS, MEN_LS, MET_LS, METE_LS, MTM_LS, MTO_LS, MTOE_LS, NAE_LS, PET_LS, PETE_LS, ROS_LS, ROSE_LS, SECE_LS, TEK_LS, TEKE_LS, TEL_LS, UCK_LS, UCK_YD, UZB_LS, UZB_YD, UZBE_LS, YZVE_LS",-,-,FIZ
30207,FIZ 101E,Physics I,Fiziksel (Yüz yüze),Sevtap Yıldız Özbek,FEB FEB,Perşembe Cuma,13:30/16:59 14:00/17:29,D304 D304,120,93,-,"BIO_LS, BIOE_LS, BLG_LS, BLGE_LS, CEN_LS, CEV_LS, CEVE_LS, CHZ_LS, CHZE_LS, DEN_LS, DENE_LS, DUI_LS, DUIE_LS, EEE_LS, EHB_LS, EHBE_LS, ELE_LS, ELH_LS, ELK_LS, ELKE_LS, END_LS, ENDE_LS, ENTE_LS, EUT_LS, EUTE_LS, FIZ_YD, GEM_LS, GEME_LS, GEO_LS, GEOE_LS, GID_LS, GIDE_LS, GMI_LS, GMIE_LS, HTA_LS, HTAE_LS, IBM_LS, IML_LS, IMLE_LS, IND_LS, INS_LS, INSE_LS, ISL_LS, ISLE_LS, JEF_LS, JEFE_LS, JEO_LS, JEOE_LS, KIM_LS, KIME_LS, KMM_LS, KMM_YD, KMME_LS, KOM_LS, KOME_LS, MAD_LS, MADE_LS, MAK_LS, MAK_YD, MAKE_LS, MAT_LS, MATE_LS, MEN_LS, MET_LS, METE_LS, MTM_LS, MTO_LS, MTOE_LS, NAE_LS, PET_LS, PETE_LS, ROS_LS, ROSE_LS, SECE_LS, TEK_LS, TEKE_LS, TEL_LS, UCK_LS, UCK_YD, UZB_LS, UZB_YD, UZBE_LS, YZVE_LS",-,-,FIZ
30208,FIZ 101E,Physics I,Fiziksel (Yüz yüze),Abdurrahman Savaş Arapoğlu,MED MED,Pazartesi Pazartesi,08:30/11:59 13:30/16:59,A35 A35,125,117,-,"BIO_LS, BIOE_LS, BLG_LS, BLGE_LS, CEN_LS, CEV_LS, CEVE_LS, CHZ_LS, CHZE_LS, DEN_LS, DENE_LS, DUI_LS, DUIE_LS, EEE_LS, EHB_LS, EHBE_LS, ELE_LS, ELH_LS, ELK_LS, ELKE_LS, END_LS, ENDE_LS, ENTE_LS, EUT_LS, EUTE_LS, FIZ_YD, GEM_LS, GEME_LS, GEO_LS, GEOE_LS, GID_LS, GIDE_LS, GMI_LS, GMIE_LS, HTA_LS, HTAE_LS, IBM_LS, IML_LS, IMLE_LS, IND_LS, INS_LS, INSE_LS, ISL_LS, ISLE_LS, JEF_LS, JEFE_LS, JEO_LS, JEOE_LS, KIM_LS, KIME_LS, KMM_LS, KMM_YD, KMME_LS, KOM_LS, KOME_LS, MAD_LS, MADE_LS, MAK_LS, MAK_YD, MAKE_LS, MAT_LS, MATE_LS, MEN_LS, MET_LS, METE_LS, MTM_LS, MTO_LS, MTOE_LS, NAE_LS, PET_LS, PETE_LS, ROS_LS, ROSE_LS, SECE_LS, TEK_LS, TEKE_LS, TEL_LS, UCK_LS, UCK_YD, UZB_LS, UZB_YD, UZBE_LS, YZVE_LS",-,-,FIZ
30209,FIZ 101E,Physics I,Fiziksel (Yüz yüze),Abdurrahman Savaş Arapoğlu,MED MED,Salı Salı,08:30/11:59 13:30/16:59,A35 A35,100,61,-,"BIO_LS, BIOE_LS, BLG_LS, BLGE_LS, CEN_LS, CEV_LS, CEVE_LS, CHZ_LS, CHZE_LS, DEN_LS, DENE_LS, DUI_LS, DUIE_LS, EEE_LS, EHB_LS, EHBE_LS, ELE_LS, ELH_LS, ELK_LS, ELKE_LS, END_LS, ENDE_LS, ENTE_LS, EUT_LS, EUTE_LS, FIZ_YD, GEM_LS, GEME_LS, GEO_LS, GEOE_LS, GID_LS, GIDE_LS, GMI_LS, GMIE_LS, HTA_LS, HTAE_LS, IBM_LS, IML_LS, IMLE_LS, IND_LS, INS_LS, INSE_LS, ISL_LS, ISLE_LS, JEF_LS, JEFE_LS, JEO_LS, JEOE_LS, KIM_LS, KIME_LS, KMM_LS, KMM_YD, KMME_LS, KOM_LS, KOME_LS, MAD_LS, MADE_LS, MAK_LS, MAK_YD, MAKE_LS, MAT_LS, MATE_LS, MEN_LS, MET_LS, METE_LS, MTM_LS, MTO_LS, MTOE_LS, NAE_LS, PET_LS, PETE_LS, ROS_LS, ROSE_LS, SECE_LS, TEK_LS, TEKE_LS, TEL_LS, UCK_LS, UCK_YD, UZB_LS, UZB_YD, UZBE_LS, YZVE_LS",-,-,FIZ
30210,FIZ 102E,Physics II,Fiziksel (Yüz yüze),Ali Gelir,MED MED,Pazartesi Çarşamba,08:30/11:59 08:30/11:59,A36 A36,125,120,-,"BIO_LS, BIOE_LS, BLG_LS, BLGE_LS, CEN_LS, CEV_LS, CEVE_LS, CHZ_LS, CHZE_LS, DEN_LS, DENE_LS, DUI_LS, DUIE_LS, EEE_LS, EHB_LS, EHBE_LS, ELE_LS, ELH_LS, ELK_LS, ELKE_LS, END_LS, ENDE_LS, ENTE_LS, EUT_LS, EUTE_LS, FIZ_YD, GEM_LS, GEME_LS, GEO_LS, GEOE_LS, GID_LS, GIDE_LS, GMI_LS, GMIE_LS, HTA_LS, HTAE_LS, IBM_LS, IML_LS, IMLE_LS, IND_LS, INS_LS, INSE_LS, ISL_LS, ISLE_LS, JEF_LS, JEFE_LS, JEO_LS, JEOE_LS, KIM_LS, KIME_LS, KMM_LS, KMM_YD, KMME_LS, KOM_LS, KOME_LS, MAD_LS, MADE_LS, MAK_LS, MAK_YD, MAKE_LS, MAT_LS, MATE_LS, MEN_LS, MET_LS, METE_LS, MTM_LS, MTO_LS, MTOE_LS, NAE_LS, PET_LS, PETE_LS, ROS_LS, ROSE_LS, SECE_LS, TEK_LS, TEKE_LS, TEL_LS, UCK_LS, UCK_YD, UZB_LS, UZB_YD, UZBE_LS, YZVE_LS",-,-,FIZ
30211,FIZ 102E,Physics II,Fiziksel (Yüz yüze),Ali Gelir,MED MED,Pazartesi Çarşamba,13:30/16:59 13:30/16:59,A36 A36,125,120,-,"BIO_LS, BIOE_LS, BLG_LS, BLGE_LS, CEN_LS, CEV_LS, CEVE_LS, CHZ_LS, CHZE_LS, DEN_LS, DENE_LS, DUI_LS, DUIE_LS, EEE_LS, EHB_LS, EHBE_LS, ELE_LS, ELH_LS, ELK_LS, ELKE_LS, END_LS, ENDE_LS, ENTE_LS, EUT_LS, EUTE_LS, FIZ_YD, GEM_LS, GEME_LS, GEO_LS, GEOE_LS, GID_LS, GIDE_LS, GMI_LS, GMIE_LS, HTA_LS, HTAE_LS, IBM_LS, IML_LS, IMLE_LS, IND_LS, INS_LS, INSE_LS, ISL_LS, ISLE_LS, JEF_LS, JEFE_LS, JEO_LS, JEOE_LS, KIM_LS, KIME_LS, KMM_LS, KMM_YD, KMME_LS, KOM_LS, KOME_LS, MAD_LS, MADE_LS, MAK_LS, MAK_YD, MAKE_LS, MAT_LS, MATE_LS, MEN_LS, MET_LS, METE_LS, MTM_LS, MTO_LS, MTOE_LS, NAE_LS, PET_LS, PETE_LS, ROS_LS, ROSE_LS, SECE_LS, TEK_LS, TEKE_LS, TEL_LS, UCK_LS, UCK_YD, UZB_LS, UZB_YD, UZBE_LS, YZVE_LS",-,-,FIZ
30212,FIZ 102E,Physics II,Fiziksel (Yüz yüze),Emre Onur Kahya,MED MED,Pazartesi Pazartesi,08:30/11:59 13:30/16:59,A34 A34,125,116,-,"BIO_LS, BIOE_LS, BLG_LS, BLGE_LS, CEN_LS, CEV_LS, CEVE_LS, CHZ_LS, CHZE_LS, DEN_LS, DENE_LS, DUI_LS, DUIE_LS, EEE_LS, EHB_LS, EHBE_LS, ELE_LS, ELH_LS, ELK_LS, ELKE_LS, END_LS, ENDE_LS, ENTE_LS, EUT_LS, EUTE_LS, FIZ_YD, GEM_LS, GEME_LS, GEO_LS, GEOE_LS, GID_LS, GIDE_LS, GMI_LS, GMIE_LS, HTA_LS, HTAE_LS, IBM_LS, IML_LS, IMLE_LS, IND_LS, INS_LS, INSE_LS, ISL_LS, ISLE_LS, JEF_LS, JEFE_LS, JEO_LS, JEOE_LS, KIM_LS, KIME_LS, KMM_LS, KMM_YD, KMME_LS, KOM_LS, KOME_LS, MAD_LS, MADE_LS, MAK_LS, MAK_YD, MAKE_LS, MAT_LS, MATE_LS, MEN_LS, MET_LS, METE_LS, MTM_LS, MTO_LS, MTOE_LS, NAE_LS, PET_LS, PETE_LS, ROS_LS, ROSE_LS, SECE_LS, TEK_LS, TEKE_LS, TEL_LS, UCK_LS, UCK_YD, UZB_LS, UZB_YD, UZBE_LS, YZVE_LS",-,-,FIZ
30213,FIZ 102E,Physics II,Fiziksel (Yüz yüze),Emre Onur Kahya,MED MED,Salı Salı,08:30/11:59 13:30/16:59,A36 A36,125,116,-,"BIO_LS, BIOE_LS, BLG_LS, BLGE_LS, CEN_LS, CEV_LS, CEVE_LS, CHZ_LS, CHZE_LS, DEN_LS, DENE_LS, DUI_LS, DUIE_LS, EEE_LS, EHB_LS, EHBE_LS, ELE_LS, ELH_LS, ELK_LS, ELKE_LS, END_LS, ENDE_LS, ENTE_LS, EUT_LS, EUTE_LS, FIZ_YD, GEM_LS, GEME_LS, GEO_LS, GEOE_LS, GID_LS, GIDE_LS, GMI_LS, GMIE_LS, HTA_LS, HTAE_LS, IBM_LS, IML_LS, IMLE_LS, IND_LS, INS_LS, INSE_LS, ISL_LS, ISLE_LS, JEF_LS, JEFE_LS, JEO_LS, JEOE_LS, KIM_LS, KIME_LS, KMM_LS, KMM_YD, KMME_LS, KOM_LS, KOME_LS, MAD_LS, MADE_LS, MAK_LS, MAK_YD, MAKE_LS, MAT_LS, MATE_LS, MEN_LS, MET_LS, METE_LS, MTM_LS, MTO_LS, MTOE_LS, NAE_LS, PET_LS, PETE_LS, ROS_LS, ROSE_LS, SECE_LS, TEK_LS, TEKE_LS, TEL_LS, UCK_LS, UCK_YD, UZB_LS, UZB_YD, UZBE_LS, YZVE_LS",-,-,FIZ
30320,FIZ 102E,Physics II,Fiziksel (Yüz yüze),Mehmet Cem Güçlü,MED MED,Perşembe Perşembe,08:30/11:59 13:30/16:59,A36 A36,120,120,-,"BIO_LS, BIOE_LS, BLG_LS, BLGE_LS, CEN_LS, CEV_LS, CEVE_LS, CHZ_LS, CHZE_LS, DEN_LS, DENE_LS, DUI_LS, DUIE_LS, EEE_LS, EHB_LS, EHBE_LS, ELE_LS, ELH_LS, ELK_LS, ELKE_LS, END_LS, ENDE_LS, ENTE_LS, EUT_LS, EUTE_LS, FIZ_YD, GEM_LS, GEME_LS, GEO_LS, GEOE_LS, GID_LS, GIDE_LS, GMI_LS, GMIE_LS, HTA_LS, HTAE_LS, IBM_LS, IML_LS, IMLE_LS, IND_LS, INS_LS, INSE_LS, ISL_LS, ISLE_LS, JEF_LS, JEFE_LS, JEO_LS, JEOE_LS, KIM_LS, KIME_LS, KMM_LS, KMM_YD, KMME_LS, KOM_LS, KOME_LS, MAD_LS, MADE_LS, MAK_LS, MAK_YD, MAKE_LS, MAT_LS, MATE_LS, MEN_LS, MET_LS, METE_LS, MTM_LS, MTO_LS, MTOE_LS, NAE_LS, PET_LS, PETE_LS, ROS_LS, ROSE_LS, SECE_LS, TEK_LS, TEKE_LS, TEL_LS, UCK_LS, UCK_YD, UZB_LS, UZB_YD, UZBE_LS, YZVE_LS",-,-,FIZ
30321,FIZ 102E,Physics II,Fiziksel (Yüz yüze),Mehmet Cem Güçlü,MED MED,Cuma Cuma,08:30/11:59 14:00/17:29,A36 A36,130,128,-,"BIO_LS, BIOE_LS, BLG_LS, BLGE_LS, CEN_LS, CEV_LS, CEVE_LS, CHZ_LS, CHZE_LS, DEN_LS, DENE_LS, DUI_LS, DUIE_LS, EEE_LS, EHB_LS, EHBE_LS, ELE_LS, ELH_LS, ELK_LS, ELKE_LS, END_LS, ENDE_LS, ENTE_LS, EUT_LS, EUTE_LS, FIZ_YD, GEM_LS, GEME_LS, GEO_LS, GEOE_LS, GID_LS, GIDE_LS, GMI_LS, GMIE_LS, HTA_LS, HTAE_LS, IBM_LS, IML_LS, IMLE_LS, IND_LS, INS_LS, INSE_LS, ISL_LS, ISLE_LS, JEF_LS, JEFE_LS, JEO_LS, JEOE_LS, KIM_LS, KIME_LS, KMM_LS, KMM_YD, KMME_LS, KOM_LS, KOME_LS, MAD_LS, MADE_LS, MAK_LS, MAK_YD, MAKE_LS, MAT_LS, MATE_LS, MEN_LS, MET_LS, METE_LS, MTM_LS, MTO_LS, MTOE_LS, NAE_LS, PET_LS, PETE_LS, ROS_LS, ROSE_LS, SECE_LS, TEK_LS, TEKE_LS, TEL_LS, UCK_LS, UCK_YD, UZB_LS, UZB_YD, UZBE_LS, YZVE_LS",-,-,FIZ
30330,FIZ 102E,Physics II,Fiziksel (Yüz yüze),Yakup Hundur,MED MED,Salı Salı,08:30/11:59 13:30/16:59,A34 A34,100,38,-,"BIO_LS, BIOE_LS, BLG_LS, BLGE_LS, CEN_LS, CEV_LS, CEVE_LS, CHZ_LS, CHZE_LS, DEN_LS, DENE_LS, DUI_LS, DUIE_LS, EEE_LS, EHB_LS, EHBE_LS, ELE_LS, ELH_LS, ELK_LS, ELKE_LS, END_LS, ENDE_LS, ENTE_LS, EUT_LS, EUTE_LS, FIZ_YD, GEM_LS, GEME_LS, GEO_LS, GEOE_LS, GID_LS, GIDE_LS, GMI_LS, GMIE_LS, HTA_LS, HTAE_LS, IBM_LS, IML_LS, IMLE_LS, IND_LS, INS_LS, INSE_LS, ISL_LS, ISLE_LS, JEF_LS, JEFE_LS, JEO_LS, JEOE_LS, KIM_LS, KIME_LS, KMM_LS, KMM_YD, KMME_LS, KOM_LS, KOME_LS, MAD_LS, MADE_LS, MAK_LS, MAK_YD, MAKE_LS, MAT_LS, MATE_LS, MEN_LS, MET_LS, METE_LS, MTM_LS, MTO_LS, MTOE_LS, NAE_LS, PET_LS, PETE_LS, ROS_LS, ROSE_LS, SECE_LS, TEK_LS, TEKE_LS, TEL_LS, UCK_LS, UCK_YD, UZB_LS, UZB_YD, UZBE_LS, YZVE_LS",-,-,FIZ
30331,FIZ 102E,Physics II,Fiziksel (Yüz yüze),Yakup Hundur,MED MED,Çarşamba Çarşamba,08:30/11:59 13:30/16:59,A34 A34,120,88,-,"BIO_LS, BIOE_LS, BLG_LS, BLGE_LS, CEN_LS, CEV_LS, CEVE_LS, CHZ_LS, CHZE_LS, DEN_LS, DENE_LS, DUI_LS, DUIE_LS, EEE_LS, EHB_LS, EHBE_LS, ELE_LS, ELH_LS, ELK_LS, ELKE_LS, END_LS, ENDE_LS, ENTE_LS, EUT_LS, EUTE_LS, FIZ_YD, GEM_LS, GEME_LS, GEO_LS, GEOE_LS, GID_LS, GIDE_LS, GMI_LS, GMIE_LS, HTA_LS, HTAE_LS, IBM_LS, IML_LS, IMLE_LS, IND_LS, INS_LS, INSE_LS, ISL_LS, ISLE_LS, JEF_LS, JEFE_LS, JEO_LS, JEOE_LS, KIM_LS, KIME_LS, KMM_LS, KMM_YD, KMME_LS, KOM_LS, KOME_LS, MAD_LS, MADE_LS, MAK_LS, MAK_YD, MAKE_LS, MAT_LS, MATE_LS, MEN_LS, MET_LS, METE_LS, MTM_LS, MTO_LS, MTOE_LS, NAE_LS, PET_LS, PETE_LS, ROS_LS, ROSE_LS, SECE_LS, TEK_LS, TEKE_LS, TEL_LS, UCK_LS, UCK_YD, UZB_LS, UZB_YD, UZBE_LS, YZVE_LS",-,-,FIZ
30332,FIZ 102E,Physics II,Fiziksel (Yüz yüze),Yakup Hundur,MED MED,Perşembe Perşembe,08:30/11:59 13:30/16:59,A11 A11,125,119,-,"BIO_LS, BIOE_LS, BLG_LS, BLGE_LS, CEN_LS, CEV_LS, CEVE_LS, CHZ_LS, CHZE_LS, DEN_LS, DENE_LS, DUI_LS, DUIE_LS, EEE_LS, EHB_LS, EHBE_LS, ELE_LS, ELH_LS, ELK_LS, ELKE_LS, END_LS, ENDE_LS, ENTE_LS, EUT_LS, EUTE_LS, FIZ_YD, GEM_LS, GEME_LS, GEO_LS, GEOE_LS, GID_LS, GIDE_LS, GMI_LS, GMIE_LS, HTA_LS, HTAE_LS, IBM_LS, IML_LS, IMLE_LS, IND_LS, INS_LS, INSE_LS, ISL_LS, ISLE_LS, JEF_LS, JEFE_LS, JEO_LS, JEOE_LS, KIM_LS, KIME_LS, KMM_LS, KMM_YD, KMME_LS, KOM_LS, KOME_LS, MAD_LS, MADE_LS, MAK_LS, MAK_YD, MAKE_LS, MAT_LS, MATE_LS, MEN_LS, MET_LS, METE_LS, MTM_LS, MTO_LS, MTOE_LS, NAE_LS, PET_LS, PETE_LS, ROS_LS, ROSE_LS, SECE_LS, TEK_LS, TEKE_LS, TEL_LS, UCK_LS, UCK_YD, UZB_LS, UZB_YD, UZBE_LS, YZVE_LS",-,-,FIZ
30478,FIZ 102E,Physics II,Fiziksel (Yüz yüze),Ömer Faruk Beyca,BPB BPB,Perşembe Cuma,14:00/17:29 14:00/17:29,-- --,30,11,-,IEBE_LS,-,-,FIZ
30493,FIZ 102EL,Physics II Laboratory,Fiziksel (Yüz yüze),Banu Tansel Büyükçelebi,DZB,Salı,08:30/13:29,--,20,3,-,"DUI_LS, GMI_LS, MTM_LS",-,-,FIZ
30328,GEM 201E,Dynamics,Fiziksel (Yüz yüze),Mustafa Erden Yıldızdağ,MEDC MEDC,Pazartesi Salı,08:30/13:29 08:30/12:59,ZA1 ZA1,30,21,-,GEM_LS,Detay,-,GEM
30329,GEM 203,Mukavemet I,Fiziksel (Yüz yüze),Mustafa Erden Yıldızdağ,MEDC MEDC,Perşembe Cuma,08:30/14:29 08:30/11:59,ZA1 ZA1,30,23,-,GEM_LS,-,-,GEM
30403,GEM 325,Gemi Yapı Elemanları,Fiziksel (Yüz yüze),"Gökhan Tansel Tayyar , Erdem Üçer",MEDC MEDC MEDC MEDC,Pazartesi Pazartesi Salı Salı,08:30/11:59 13:30/14:29 08:30/12:29 13:30/14:29,ZD1 ZD1 ZD1 ZD1,100,31,-,GEM_LS,Detay,-,GEM
30472,GEM 328E,Ship Hydrodynamics(Propulsion),Fiziksel (Yüz yüze),Cihad Delen,MEDC MEDC,Çarşamba Çarşamba,09:00/11:59 13:00/16:59,1D3 1D3,30,9,-,"GEM_LS, GEME_LS",Detay,-,GEM
30443,GEM 424E,Reliability Of Ship Structures,Fiziksel (Yüz yüze),Ahmet Ergin,MEDC MEDC,Pazartesi Perşembe,09:00/11:59 10:00/11:59,2D16 2D16,30,5,-,"GEM_LS, GEME_LS",Detay,-,GEM
30469,GEM 482,Bireysel Bitirme Projesi,Fiziksel (Yüz yüze),Fuzuli Ağrı Akçay,-,-,-/-,-,1,1,-,"GEM_LS, GEME_LS",-,-,GEM
30364,GEO 103E,Fundamentals of Surveying,Fiziksel (Yüz yüze),Volkan Özbey,INB INB,Perşembe Cuma,08:30/13:29 14:00/18:29,B308 B308,40,31,-,"GEO_LS, GEOE_LS, HTA_LS, HTAE_LS",-,-,GEO
30395,GEO 203E,Coordinate Sys. and Geodesy I,Fiziksel (Yüz yüze),Bihter Erol,INB INB,Pazartesi Salı,13:30/18:29 13:30/17:59,D201 D201,40,29,-,"GEO_LS, GEOE_LS, HTA_LS, HTAE_LS",-,-,GEO
30365,GEO 204E,Th.of Err. And Ad. C.,Fiziksel (Yüz yüze),Serdar Erol,INB INB,Pazartesi Salı,13:30/18:29 13:30/17:59,B308 B308,40,27,-,"GEO_LS, GEOE_LS, HTA_LS, HTAE_LS",Detay,-,GEO
30366,GEO 212E,Engineering Surveying,Fiziksel (Yüz yüze),Volkan Özbey,INB INB,Perşembe Cuma,13:30/16:29 08:30/12:29,B103 B103,60,59,-,"GEO_LS, GEOE_LS, HTA_LS, HTAE_LS",Detay,-,GEO
30367,GEO 216E,Computer Aided Map Design,Fiziksel (Yüz yüze),Mehmet Ufuk Özerman,INB INB,Salı Perşembe,08:30/13:29 08:30/12:59,D103 D103,35,21,-,"GEO_LS, GEOE_LS, HTA_LS, HTAE_LS",-,-,GEO
30368,GEO 220E,Mathematics for Geomatics Eng.,Fiziksel (Yüz yüze),Mehmet Ufuk Özerman,INB INB INB,Pazartesi Çarşamba Çarşamba,08:30/10:59 13:30/15:29 08:30/10:59,A102 A102 A102,50,49,-,"GEO_LS, GEOE_LS, HTA_LS, HTAE_LS",Detay,-,GEO
30396,GEO 225E,Prob.and Stat. for Geom. Eng.,Fiziksel (Yüz yüze),Muhammed Enes Atik,INB INB,Perşembe Cuma,08:30/13:29 14:00/15:59,D201 D201,50,22,-,"GEO_LS, GEOE_LS, HTA_LS, HTAE_LS",-,-,GEO
30483,GEO 303E,Cadastre,Fiziksel (Yüz yüze),Büşra Kartal,INB INB,Perşembe Cuma,16:30/18:29 14:00/16:59,B101 B101,35,33,-,"GEO_LS, GEOE_LS, HTA_LS, HTAE_LS",Detay,-,GEO
30369,GEO 314E,Geodesy II and Projections,Fiziksel (Yüz yüze),Serdar Erol,INB INB,Pazartesi Salı,11:00/12:59 08:30/13:29,B308 B308,50,17,-,"GEO_LS, GEOE_LS, HTA_LS, HTAE_LS",Detay,-,GEO
30260,GEO 476,Geo. Müh. Proje Planlama Yön.,Fiziksel (Yüz yüze),Reha Metin Alkan,INB,Perşembe,08:30/13:29,B302,40,29,-,"GEO_LS, HTA_LS",-,-,GEO
30245,GMI 132E,Numerical Analy. of Eng.Syst.,Fiziksel (Yüz yüze),Ata Bilgili,DZB DZB,Salı Salı,08:30/11:29 12:30/14:29,-- --,55,38,-,"GMI_LS, MEN_LS",Detay,-,GMI
30463,GMI 213E,Thermodynamics,Fiziksel (Yüz yüze),Yalçın Durmuşoğlu,DZB DZB,Çarşamba Çarşamba,08:30/11:29 12:30/16:29,-- --,40,30,-,"GMI_LS, MEN_LS",Detay,-,GMI
30442,GMI 261E,Fluid Mechanics,Fiziksel (Yüz yüze),Ata Bilgili,DZB DZB,Pazartesi Pazartesi,08:30/11:29 12:30/16:29,-- --,40,26,-,"DUI_LS, GMI_LS",Detay,-,GMI
30464,GMI 352E,Heat Transfer,Fiziksel (Yüz yüze),Yalçın Durmuşoğlu,DZB DZB,Pazartesi Pazartesi,08:30/11:29 12:30/16:29,-- --,40,20,-,"GMI_LS, MEN_LS",Detay,-,GMI
30247,GMI 481E,Marine Insurance,Fiziksel (Yüz yüze),Sinan Çakır,DZB DZB,Çarşamba Çarşamba,08:30/11:29 12:30/14:29,-- --,40,30,-,"DUI_LS, GMI_LS, MEN_LS, MTM_LS",-,-,GMI
30246,GMI 486E,Shipping Finance,Fiziksel (Yüz yüze),Sinan Çakır,DZB DZB,Cuma Cuma,08:30/11:29 14:30/16:29,-- --,100,95,-,"DUI_LS, GMI_LS, MEN_LS, MTM_LS",-,-,GMI
30259,HUK 201,İş Hukuku,Fiziksel (Yüz yüze),Mahmut Kabakcı,MED MED,Perşembe Cuma,13:30/17:29 09:30/12:29,A34 A34,140,116,-,"AIN_LS, BIO_LS, BIOE_LS, CEV_LS, CEVE_LS, CHZ_LS, CHZE_LS, DEN_LS, DENE_LS, EEE_LS, EHB_LS, EHBE_LS, ELE_LS, ELK_LS, ELKE_LS, END_LS, ENDE_LS, FIZ_LS, FIZE_LS, GEM_LS, GEME_LS, GEMK_LS, GEO_LS, GEOE_LS, GID_LS, GIDE_LS, IEBE_LS, IML_LS, IMLE_LS, IND_LS, INS_LS, INSE_LS, JEF_LS, JEFE_LS, KIM_LS, KIME_LS, KOM_LS, KOME_LS, MAD_LS, MADE_LS, MAK_LS, MAKE_LS, NAE_LS, ROS_LS, ROSE_LS, SED_LS, TEK_LS, TEKE_LS, UCK_LS, UZB_LS, UZBE_LS",-,-,HUK
30256,ICM 366E,Interior Arch.Desgn Studio III,Fiziksel (Yüz yüze),Ethem Gürer,MMB MMB MMB MMB MMB,Pazartesi Pazartesi Çarşamba Perşembe Perşembe,08:30/12:29 13:30/17:29 08:30/12:29 08:30/12:29 13:30/16:29,-- -- -- -- --,7,5,-,"IAD_LS, ICM_LS",Detay,-,ICM
30257,ICM 449E,Interior Arch.Desgn Studio IV,Fiziksel (Yüz yüze),Ethem Gürer,MMB MMB MMB MMB MMB,Salı Salı Çarşamba Cuma Cuma,08:30/12:29 13:30/17:29 13:30/17:29 08:30/12:29 14:30/17:29,-- -- -- -- --,10,11,-,"IAD_LS, ICM_LS",Detay,-,ICM
30160,ING 100,EAP Through Global Goals,Fiziksel (Yüz yüze),Esra Sancak,YDY YDY,Pazartesi Çarşamba,13:00/15:59 13:00/16:59,150 150,24,16,-,"BIOE_LS, BLG_LS, BLGE_LS, CEV_LS, CEVE_LS, CHZ_LS, DEN_LS, ECNE_LS, EHB_LS, EHBE_LS, ELK_LS, ELKE_LS, END_LS, ENDE_LS, ENTE_LS, EUTE_LS, FIZ_LS, GEM_LS, GEO_LS, GEOE_LS, GID_LS, HTA_LS, HTAE_LS, IBM_LS, ICM_LS, INS_LS, INSE_LS, ISL_LS, ISLE_LS, JEF_LS, JEO_LS, KIM_LS, KMM_LS, KOM_LS, KOME_LS, MAD_LS, MAK_LS, MAT_LS, MET_LS, METE_LS, MIM_LS, MIME_LS, MTO_LS, PEME_LS, PETE_LS, ROS_LS, ROSE_LS, SAO_OL, SBP_LS, SBPE_LS, SECE_LS, TEKE_LS, UCK_LS, UZBE_LS, VBAE_LS, YZVE_LS",-,-,ING
30161,ING 100,EAP Through Global Goals,Fiziksel (Yüz yüze),Esra Sancak,YDY YDY,Salı Perşembe,13:00/15:59 13:00/16:59,150 150,24,23,-,"BIOE_LS, BLG_LS, BLGE_LS, CEV_LS, CEVE_LS, CHZ_LS, DEN_LS, ECNE_LS, EHB_LS, EHBE_LS, ELK_LS, ELKE_LS, END_LS, ENDE_LS, ENTE_LS, EUTE_LS, FIZ_LS, GEM_LS, GEO_LS, GEOE_LS, GID_LS, HTA_LS, HTAE_LS, IBM_LS, ICM_LS, INS_LS, INSE_LS, ISL_LS, ISLE_LS, JEF_LS, JEO_LS, KIM_LS, KMM_LS, KOM_LS, KOME_LS, MAD_LS, MAK_LS, MAT_LS, MET_LS, METE_LS, MIM_LS, MIME_LS, MTO_LS, PEME_LS, PETE_LS, ROS_LS, ROSE_LS, SAO_OL, SBP_LS, SBPE_LS, SECE_LS, TEKE_LS, UCK_LS, UZBE_LS, VBAE_LS, YZVE_LS",-,-,ING
30253,ING 100,EAP Through Global Goals,Fiziksel (Yüz yüze),Esra Sancak,YDY YDY,Pazartesi Çarşamba,09:00/12:59 09:00/11:59,150 150,24,22,-,"BIOE_LS, BLG_LS, BLGE_LS, CEV_LS, CEVE_LS, CHZ_LS, DEN_LS, ECNE_LS, EHB_LS, EHBE_LS, ELK_LS, ELKE_LS, END_LS, ENDE_LS, ENTE_LS, EUTE_LS, FIZ_LS, GEM_LS, GEO_LS, GEOE_LS, GID_LS, HTA_LS, HTAE_LS, IBM_LS, ICM_LS, INS_LS, INSE_LS, ISL_LS, ISLE_LS, JEF_LS, JEO_LS, KIM_LS, KMM_LS, KOM_LS, KOME_LS, MAD_LS, MAK_LS, MAT_LS, MET_LS, METE_LS, MIM_LS, MIME_LS, MTO_LS, PEME_LS, PETE_LS, ROS_LS, ROSE_LS, SAO_OL, SBP_LS, SBPE_LS, SECE_LS, TEKE_LS, UCK_LS, UZBE_LS, VBAE_LS, YZVE_LS",-,-,ING
30455,ING 100,EAP Through Global Goals,Sanal (Çevrimiçi/Online),Nalan Güder,MED MED,Pazartesi Çarşamba,09:00/12:59 09:00/11:59,-- --,25,4,-,"ARC_LS, CEN_LS, EEE_LS, EFN_LS, IAD_LS, IND_LS, MMD_LS, NAE_LS",-,-,ING
30162,ING 112A,Basics of Academic Writing,Sanal (Çevrimiçi/Online),Halime Ceren Göktaş,YDY YDY,Pazartesi Çarşamba,09:00/11:29 09:00/11:29,-- --,30,30,-,"BIOE_LS, BLG_LS, BLGE_LS, CEV_LS, CEVE_LS, CHZ_LS, DEN_LS, ECNE_LS, EHB_LS, EHBE_LS, ELK_LS, ELKE_LS, END_LS, ENDE_LS, ENTE_LS, EUTE_LS, FIZ_LS, GEM_LS, GEO_LS, GEOE_LS, GID_LS, HTA_LS, HTAE_LS, IBM_LS, ICM_LS, INS_LS, INSE_LS, ISL_LS, ISLE_LS, JEF_LS, JEO_LS, KIM_LS, KMM_LS, KOM_LS, KOME_LS, MAD_LS, MAK_LS, MAT_LS, MET_LS, METE_LS, MIM_LS, MIME_LS, MTO_LS, PEME_LS, PETE_LS, ROS_LS, ROSE_LS, SAO_OL, SBP_LS, SBPE_LS, SECE_LS, TEKE_LS, UCK_LS, UZBE_LS, VBAE_LS, YZVE_LS",Detay,-,ING
30163,ING 112A,Basics of Academic Writing,Sanal (Çevrimiçi/Online),Halime Ceren Göktaş,YDY YDY,Pazartesi Çarşamba,11:30/13:59 11:30/13:59,-- --,30,27,-,"BIOE_LS, BLG_LS, BLGE_LS, CEV_LS, CEVE_LS, CHZ_LS, DEN_LS, ECNE_LS, EHB_LS, EHBE_LS, ELK_LS, ELKE_LS, END_LS, ENDE_LS, ENTE_LS, EUTE_LS, FIZ_LS, GEM_LS, GEO_LS, GEOE_LS, GID_LS, HTA_LS, HTAE_LS, IBM_LS, ICM_LS, INS_LS, INSE_LS, ISL_LS, ISLE_LS, JEF_LS, JEO_LS, KIM_LS, KMM_LS, KOM_LS, KOME_LS, MAD_LS, MAK_LS, MAT_LS, MET_LS, METE_LS, MIM_LS, MIME_LS, MTO_LS, PEME_LS, PETE_LS, ROS_LS, ROSE_LS, SAO_OL, SBP_LS, SBPE_LS, SECE_LS, TEKE_LS, UCK_LS, UZBE_LS, VBAE_LS, YZVE_LS",Detay,-,ING
30164,ING 112A,Basics of Academic Writing,Sanal (Çevrimiçi/Online),Halime Ceren Göktaş,YDY YDY,Pazartesi Çarşamba,14:00/16:29 14:00/16:29,-- --,30,30,-,"BIOE_LS, BLG_LS, BLGE_LS, CEV_LS, CEVE_LS, CHZ_LS, DEN_LS, ECNE_LS, EHB_LS, EHBE_LS, ELK_LS, ELKE_LS, END_LS, ENDE_LS, ENTE_LS, EUTE_LS, FIZ_LS, GEM_LS, GEO_LS, GEOE_LS, GID_LS, HTA_LS, HTAE_LS, IBM_LS, ICM_LS, INS_LS, INSE_LS, ISL_LS, ISLE_LS, JEF_LS, JEO_LS, KIM_LS, KMM_LS, KOM_LS, KOME_LS, MAD_LS, MAK_LS, MAT_LS, MET_LS, METE_LS, MIM_LS, MIME_LS, MTO_LS, PEME_LS, PETE_LS, ROS_LS, ROSE_LS, SAO_OL, SBP_LS, SBPE_LS, SECE_LS, TEKE_LS, UCK_LS, UZBE_LS, VBAE_LS, YZVE_LS",Detay,-,ING
30165,ING 112A,Basics of Academic Writing,Sanal (Çevrimiçi/Online),Halime Ceren Göktaş,YDY YDY,Salı Perşembe,09:00/11:29 09:00/11:29,-- --,30,29,-,"BIOE_LS, BLG_LS, BLGE_LS, CEV_LS, CEVE_LS, CHZ_LS, DEN_LS, ECNE_LS, EHB_LS, EHBE_LS, ELK_LS, ELKE_LS, END_LS, ENDE_LS, ENTE_LS, EUTE_LS, FIZ_LS, GEM_LS, GEO_LS, GEOE_LS, GID_LS, HTA_LS, HTAE_LS, IBM_LS, ICM_LS, INS_LS, INSE_LS, ISL_LS, ISLE_LS, JEF_LS, JEO_LS, KIM_LS, KMM_LS, KOM_LS, KOME_LS, MAD_LS, MAK_LS, MAT_LS, MET_LS, METE_LS, MIM_LS, MIME_LS, MTO_LS, PEME_LS, PETE_LS, ROS_LS, ROSE_LS, SAO_OL, SBP_LS, SBPE_LS, SECE_LS, TEKE_LS, UCK_LS, UZBE_LS, VBAE_LS, YZVE_LS",Detay,-,ING
30166,ING 112A,Basics of Academic Writing,Sanal (Çevrimiçi/Online),Halime Ceren Göktaş,YDY YDY,Salı Perşembe,11:30/13:59 11:30/13:59,-- --,30,27,-,"BIOE_LS, BLG_LS, BLGE_LS, CEV_LS, CEVE_LS, CHZ_LS, DEN_LS, ECNE_LS, EHB_LS, EHBE_LS, ELK_LS, ELKE_LS, END_LS, ENDE_LS, ENTE_LS, EUTE_LS, FIZ_LS, GEM_LS, GEO_LS, GEOE_LS, GID_LS, HTA_LS, HTAE_LS, IBM_LS, ICM_LS, INS_LS, INSE_LS, ISL_LS, ISLE_LS, JEF_LS, JEO_LS, KIM_LS, KMM_LS, KOM_LS, KOME_LS, MAD_LS, MAK_LS, MAT_LS, MET_LS, METE_LS, MIM_LS, MIME_LS, MTO_LS, PEME_LS, PETE_LS, ROS_LS, ROSE_LS, SAO_OL, SBP_LS, SBPE_LS, SECE_LS, TEKE_LS, UCK_LS, UZBE_LS, VBAE_LS, YZVE_LS",Detay,-,ING
30167,ING 112A,Basics of Academic Writing,Sanal (Çevrimiçi/Online),Halime Ceren Göktaş,YDY YDY,Salı Perşembe,14:00/16:29 14:00/16:29,-- --,30,29,-,"BIOE_LS, BLG_LS, BLGE_LS, CEV_LS, CEVE_LS, CHZ_LS, DEN_LS, ECNE_LS, EHB_LS, EHBE_LS, ELK_LS, ELKE_LS, END_LS, ENDE_LS, ENTE_LS, EUTE_LS, FIZ_LS, GEM_LS, GEO_LS, GEOE_LS, GID_LS, HTA_LS, HTAE_LS, IBM_LS, ICM_LS, INS_LS, INSE_LS, ISL_LS, ISLE_LS, JEF_LS, JEO_LS, KIM_LS, KMM_LS, KOM_LS, KOME_LS, MAD_LS, MAK_LS, MAT_LS, MET_LS, METE_LS, MIM_LS, MIME_LS, MTO_LS, PEME_LS, PETE_LS, ROS_LS, ROSE_LS, SAO_OL, SBP_LS, SBPE_LS, SECE_LS, TEKE_LS, UCK_LS, UZBE_LS, VBAE_LS, YZVE_LS",Detay,-,ING
30168,ING 112A,Basics of Academic Writing,Sanal (Çevrimiçi/Online),Merve Sevtap Süren,YDY YDY,Pazartesi Çarşamba,09:00/11:29 09:00/11:29,-- --,30,29,-,"BIOE_LS, BLG_LS, BLGE_LS, CEV_LS, CEVE_LS, CHZ_LS, DEN_LS, ECNE_LS, EHB_LS, EHBE_LS, ELK_LS, ELKE_LS, END_LS, ENDE_LS, ENTE_LS, EUTE_LS, FIZ_LS, GEM_LS, GEO_LS, GEOE_LS, GID_LS, HTA_LS, HTAE_LS, IBM_LS, ICM_LS, INS_LS, INSE_LS, ISL_LS, ISLE_LS, JEF_LS, JEO_LS, KIM_LS, KMM_LS, KOM_LS, KOME_LS, MAD_LS, MAK_LS, MAT_LS, MET_LS, METE_LS, MIM_LS, MIME_LS, MTO_LS, PEME_LS, PETE_LS, ROS_LS, ROSE_LS, SAO_OL, SBP_LS, SBPE_LS, SECE_LS, TEKE_LS, UCK_LS, UZBE_LS, VBAE_LS, YZVE_LS",Detay,-,ING
30169,ING 112A,Basics of Academic Writing,Sanal (Çevrimiçi/Online),Merve Sevtap Süren,YDY YDY,Pazartesi Çarşamba,11:30/13:59 11:30/13:59,-- --,30,26,-,"BIOE_LS, BLG_LS, BLGE_LS, CEV_LS, CEVE_LS, CHZ_LS, DEN_LS, ECNE_LS, EHB_LS, EHBE_LS, ELK_LS, ELKE_LS, END_LS, ENDE_LS, ENTE_LS, EUTE_LS, FIZ_LS, GEM_LS, GEO_LS, GEOE_LS, GID_LS, HTA_LS, HTAE_LS, IBM_LS, ICM_LS, INS_LS, INSE_LS, ISL_LS, ISLE_LS, JEF_LS, JEO_LS, KIM_LS, KMM_LS, KOM_LS, KOME_LS, MAD_LS, MAK_LS, MAT_LS, MET_LS, METE_LS, MIM_LS, MIME_LS, MTO_LS, PEME_LS, PETE_LS, ROS_LS, ROSE_LS, SAO_OL, SBP_LS, SBPE_LS, SECE_LS, TEKE_LS, UCK_LS, UZBE_LS, VBAE_LS, YZVE_LS",Detay,-,ING
30170,ING 112A,Basics of Academic Writing,Sanal (Çevrimiçi/Online),Merve Sevtap Süren,YDY YDY,Salı Perşembe,09:00/11:29 09:00/11:29,-- --,30,24,-,"BIOE_LS, BLG_LS, BLGE_LS, CEV_LS, CEVE_LS, CHZ_LS, DEN_LS, ECNE_LS, EHB_LS, EHBE_LS, ELK_LS, ELKE_LS, END_LS, ENDE_LS, ENTE_LS, EUTE_LS, FIZ_LS, GEM_LS, GEO_LS, GEOE_LS, GID_LS, HTA_LS, HTAE_LS, IBM_LS, ICM_LS, INS_LS, INSE_LS, ISL_LS, ISLE_LS, JEF_LS, JEO_LS, KIM_LS, KMM_LS, KOM_LS, KOME_LS, MAD_LS, MAK_LS, MAT_LS, MET_LS, METE_LS, MIM_LS, MIME_LS, MTO_LS, PEME_LS, PETE_LS, ROS_LS, ROSE_LS, SAO_OL, SBP_LS, SBPE_LS, SECE_LS, TEKE_LS, UCK_LS, UZBE_LS, VBAE_LS, YZVE_LS",Detay,-,ING
30171,ING 112A,Basics of Academic Writing,Sanal (Çevrimiçi/Online),Merve Sevtap Süren,YDY YDY,Salı Perşembe,11:30/13:59 11:30/13:59,-- --,30,23,-,"BIOE_LS, BLG_LS, BLGE_LS, CEV_LS, CEVE_LS, CHZ_LS, DEN_LS, ECNE_LS, EHB_LS, EHBE_LS, ELK_LS, ELKE_LS, END_LS, ENDE_LS, ENTE_LS, EUTE_LS, FIZ_LS, GEM_LS, GEO_LS, GEOE_LS, GID_LS, HTA_LS, HTAE_LS, IBM_LS, ICM_LS, INS_LS, INSE_LS, ISL_LS, ISLE_LS, JEF_LS, JEO_LS, KIM_LS, KMM_LS, KOM_LS, KOME_LS, MAD_LS, MAK_LS, MAT_LS, MET_LS, METE_LS, MIM_LS, MIME_LS, MTO_LS, PEME_LS, PETE_LS, ROS_LS, ROSE_LS, SAO_OL, SBP_LS, SBPE_LS, SECE_LS, TEKE_LS, UCK_LS, UZBE_LS, VBAE_LS, YZVE_LS",Detay,-,ING
30172,ING 112A,Basics of Academic Writing,Sanal (Çevrimiçi/Online),Hacer Şivil,YDY YDY,Salı Perşembe,11:30/13:59 11:30/13:59,-- --,30,18,-,"BIOE_LS, BLG_LS, BLGE_LS, CEV_LS, CEVE_LS, CHZ_LS, DEN_LS, ECNE_LS, EHB_LS, EHBE_LS, ELK_LS, ELKE_LS, END_LS, ENDE_LS, ENTE_LS, EUTE_LS, FIZ_LS, GEM_LS, GEO_LS, GEOE_LS, GID_LS, HTA_LS, HTAE_LS, IBM_LS, ICM_LS, INS_LS, INSE_LS, ISL_LS, ISLE_LS, JEF_LS, JEO_LS, KIM_LS, KMM_LS, KOM_LS, KOME_LS, MAD_LS, MAK_LS, MAT_LS, MET_LS, METE_LS, MIM_LS, MIME_LS, MTO_LS, PEME_LS, PETE_LS, ROS_LS, ROSE_LS, SAO_OL, SBP_LS, SBPE_LS, SECE_LS, TEKE_LS, UCK_LS, UZBE_LS, VBAE_LS, YZVE_LS",Detay,-,ING
30173,ING 112A,Basics of Academic Writing,Sanal (Çevrimiçi/Online),Hacer Şivil,YDY YDY,Salı Perşembe,14:00/16:29 14:00/16:29,-- --,30,29,-,"BIOE_LS, BLG_LS, BLGE_LS, CEV_LS, CEVE_LS, CHZ_LS, DEN_LS, ECNE_LS, EHB_LS, EHBE_LS, ELK_LS, ELKE_LS, END_LS, ENDE_LS, ENTE_LS, EUTE_LS, FIZ_LS, GEM_LS, GEO_LS, GEOE_LS, GID_LS, HTA_LS, HTAE_LS, IBM_LS, ICM_LS, INS_LS, INSE_LS, ISL_LS, ISLE_LS, JEF_LS, JEO_LS, KIM_LS, KMM_LS, KOM_LS, KOME_LS, MAD_LS, MAK_LS, MAT_LS, MET_LS, METE_LS, MIM_LS, MIME_LS, MTO_LS, PEME_LS, PETE_LS, ROS_LS, ROSE_LS, SAO_OL, SBP_LS, SBPE_LS, SECE_LS, TEKE_LS, UCK_LS, UZBE_LS, VBAE_LS, YZVE_LS",Detay,-,ING
30174,ING 112A,Basics of Academic Writing,Sanal (Çevrimiçi/Online),Hatice Gökçin Köksal Çekin,YDY YDY,Salı Perşembe,09:00/11:29 09:00/11:29,-- --,30,29,-,"BIOE_LS, BLG_LS, BLGE_LS, CEV_LS, CEVE_LS, CHZ_LS, DEN_LS, ECNE_LS, EHB_LS, EHBE_LS, ELK_LS, ELKE_LS, END_LS, ENDE_LS, ENTE_LS, EUTE_LS, FIZ_LS, GEM_LS, GEO_LS, GEOE_LS, GID_LS, HTA_LS, HTAE_LS, IBM_LS, ICM_LS, INS_LS, INSE_LS, ISL_LS, ISLE_LS, JEF_LS, JEO_LS, KIM_LS, KMM_LS, KOM_LS, KOME_LS, MAD_LS, MAK_LS, MAT_LS, MET_LS, METE_LS, MIM_LS, MIME_LS, MTO_LS, PEME_LS, PETE_LS, ROS_LS, ROSE_LS, SAO_OL, SBP_LS, SBPE_LS, SECE_LS, TEKE_LS, UCK_LS, UZBE_LS, VBAE_LS, YZVE_LS",Detay,-,ING
30175,ING 112A,Basics of Academic Writing,Sanal (Çevrimiçi/Online),Hatice Gökçin Köksal Çekin,YDY YDY,Salı Perşembe,11:30/13:59 11:30/13:59,-- --,30,30,-,"BIOE_LS, BLG_LS, BLGE_LS, CEV_LS, CEVE_LS, CHZ_LS, DEN_LS, ECNE_LS, EHB_LS, EHBE_LS, ELK_LS, ELKE_LS, END_LS, ENDE_LS, ENTE_LS, EUTE_LS, FIZ_LS, GEM_LS, GEO_LS, GEOE_LS, GID_LS, HTA_LS, HTAE_LS, IBM_LS, ICM_LS, INS_LS, INSE_LS, ISL_LS, ISLE_LS, JEF_LS, JEO_LS, KIM_LS, KMM_LS, KOM_LS, KOME_LS, MAD_LS, MAK_LS, MAT_LS, MET_LS, METE_LS, MIM_LS, MIME_LS, MTO_LS, PEME_LS, PETE_LS, ROS_LS, ROSE_LS, SAO_OL, SBP_LS, SBPE_LS, SECE_LS, TEKE_LS, UCK_LS, UZBE_LS, VBAE_LS, YZVE_LS",Detay,-,ING
30457,ING 112A,Basics of Academic Writing,Sanal (Çevrimiçi/Online),Deniz Demirler,MED MED,Salı Perşembe,11:30/13:59 11:30/13:59,-- --,35,30,-,"ARC_LS, CEN_LS, EEE_LS, EFN_LS, IAD_LS, IND_LS, MMD_LS, NAE_LS",Detay,-,ING
30176,ING 201A,Essentials of Res.Paper Writ.,Sanal (Çevrimiçi/Online),Mehtap İpek Kurt,YDY YDY,Pazartesi Çarşamba,09:00/11:29 09:00/11:29,-- --,30,33,-,"BIOE_LS, BLG_LS, BLGE_LS, CEV_LS, CEVE_LS, CHZ_LS, DEN_LS, ECNE_LS, EHB_LS, EHBE_LS, ELK_LS, ELKE_LS, END_LS, ENDE_LS, ENTE_LS, EUTE_LS, FIZ_LS, GEM_LS, GEO_LS, GEOE_LS, GID_LS, HTA_LS, HTAE_LS, IBM_LS, ICM_LS, INS_LS, INSE_LS, ISL_LS, ISLE_LS, JEF_LS, JEO_LS, KIM_LS, KMM_LS, KOM_LS, KOME_LS, MAD_LS, MAK_LS, MAT_LS, MET_LS, METE_LS, MIM_LS, MIME_LS, MTO_LS, PEME_LS, PETE_LS, ROS_LS, ROSE_LS, SAO_OL, SBP_LS, SBPE_LS, SECE_LS, TEKE_LS, UCK_LS, UZBE_LS, VBAE_LS, YZVE_LS",Detay,-,ING
30177,ING 201A,Essentials of Res.Paper Writ.,Sanal (Çevrimiçi/Online),Mehtap İpek Kurt,YDY YDY,Salı Perşembe,09:00/11:29 09:00/11:29,-- --,30,30,-,"BIOE_LS, BLG_LS, BLGE_LS, CEV_LS, CEVE_LS, CHZ_LS, DEN_LS, ECNE_LS, EHB_LS, EHBE_LS, ELK_LS, ELKE_LS, END_LS, ENDE_LS, ENTE_LS, EUTE_LS, FIZ_LS, GEM_LS, GEO_LS, GEOE_LS, GID_LS, HTA_LS, HTAE_LS, IBM_LS, ICM_LS, INS_LS, INSE_LS, ISL_LS, ISLE_LS, JEF_LS, JEO_LS, KIM_LS, KMM_LS, KOM_LS, KOME_LS, MAD_LS, MAK_LS, MAT_LS, MET_LS, METE_LS, MIM_LS, MIME_LS, MTO_LS, PEME_LS, PETE_LS, ROS_LS, ROSE_LS, SAO_OL, SBP_LS, SBPE_LS, SECE_LS, TEKE_LS, UCK_LS, UZBE_LS, VBAE_LS, YZVE_LS",Detay,-,ING
30178,ING 201A,Essentials of Res.Paper Writ.,Sanal (Çevrimiçi/Online),Mehtap İpek Kurt,YDY YDY,Pazartesi Perşembe,11:30/13:59 11:30/13:59,-- --,30,31,-,"BIOE_LS, BLG_LS, BLGE_LS, CEV_LS, CEVE_LS, CHZ_LS, DEN_LS, ECNE_LS, EHB_LS, EHBE_LS, ELK_LS, ELKE_LS, END_LS, ENDE_LS, ENTE_LS, EUTE_LS, FIZ_LS, GEM_LS, GEO_LS, GEOE_LS, GID_LS, HTA_LS, HTAE_LS, IBM_LS, ICM_LS, INS_LS, INSE_LS, ISL_LS, ISLE_LS, JEF_LS, JEO_LS, KIM_LS, KMM_LS, KOM_LS, KOME_LS, MAD_LS, MAK_LS, MAT_LS, MET_LS, METE_LS, MIM_LS, MIME_LS, MTO_LS, PEME_LS, PETE_LS, ROS_LS, ROSE_LS, SAO_OL, SBP_LS, SBPE_LS, SECE_LS, TEKE_LS, UCK_LS, UZBE_LS, VBAE_LS, YZVE_LS",Detay,-,ING
30179,ING 201A,Essentials of Res.Paper Writ.,Sanal (Çevrimiçi/Online),Mehtap İpek Kurt,YDY YDY,Salı Cuma,11:30/13:59 14:00/16:29,-- --,30,27,-,"BIOE_LS, BLG_LS, BLGE_LS, CEV_LS, CEVE_LS, CHZ_LS, DEN_LS, ECNE_LS, EHB_LS, EHBE_LS, ELK_LS, ELKE_LS, END_LS, ENDE_LS, ENTE_LS, EUTE_LS, FIZ_LS, GEM_LS, GEO_LS, GEOE_LS, GID_LS, HTA_LS, HTAE_LS, IBM_LS, ICM_LS, INS_LS, INSE_LS, ISL_LS, ISLE_LS, JEF_LS, JEO_LS, KIM_LS, KMM_LS, KOM_LS, KOME_LS, MAD_LS, MAK_LS, MAT_LS, MET_LS, METE_LS, MIM_LS, MIME_LS, MTO_LS, PEME_LS, PETE_LS, ROS_LS, ROSE_LS, SAO_OL, SBP_LS, SBPE_LS, SECE_LS, TEKE_LS, UCK_LS, UZBE_LS, VBAE_LS, YZVE_LS",Detay,-,ING
30180,ING 201A,Essentials of Res.Paper Writ.,Sanal (Çevrimiçi/Online),Mehtap İpek Kurt,YDY YDY,Çarşamba Cuma,11:30/13:59 09:00/11:29,-- --,30,31,-,"BIOE_LS, BLG_LS, BLGE_LS, CEV_LS, CEVE_LS, CHZ_LS, DEN_LS, ECNE_LS, EHB_LS, EHBE_LS, ELK_LS, ELKE_LS, END_LS, ENDE_LS, ENTE_LS, EUTE_LS, FIZ_LS, GEM_LS, GEO_LS, GEOE_LS, GID_LS, HTA_LS, HTAE_LS, IBM_LS, ICM_LS, INS_LS, INSE_LS, ISL_LS, ISLE_LS, JEF_LS, JEO_LS, KIM_LS, KMM_LS, KOM_LS, KOME_LS, MAD_LS, MAK_LS, MAT_LS, MET_LS, METE_LS, MIM_LS, MIME_LS, MTO_LS, PEME_LS, PETE_LS, ROS_LS, ROSE_LS, SAO_OL, SBP_LS, SBPE_LS, SECE_LS, TEKE_LS, UCK_LS, UZBE_LS, VBAE_LS, YZVE_LS",Detay,-,ING
30181,ING 201A,Essentials of Res.Paper Writ.,Sanal (Çevrimiçi/Online),Meryem Simge Çengel Avcu,YDY YDY,Pazartesi Çarşamba,09:00/11:29 09:00/11:29,-- --,30,30,-,"BIOE_LS, BLG_LS, BLGE_LS, CEV_LS, CEVE_LS, CHZ_LS, DEN_LS, ECNE_LS, EHB_LS, EHBE_LS, ELK_LS, ELKE_LS, END_LS, ENDE_LS, ENTE_LS, EUTE_LS, FIZ_LS, GEM_LS, GEO_LS, GEOE_LS, GID_LS, HTA_LS, HTAE_LS, IBM_LS, ICM_LS, INS_LS, INSE_LS, ISL_LS, ISLE_LS, JEF_LS, JEO_LS, KIM_LS, KMM_LS, KOM_LS, KOME_LS, MAD_LS, MAK_LS, MAT_LS, MET_LS, METE_LS, MIM_LS, MIME_LS, MTO_LS, PEME_LS, PETE_LS, ROS_LS, ROSE_LS, SAO_OL, SBP_LS, SBPE_LS, SECE_LS, TEKE_LS, UCK_LS, UZBE_LS, VBAE_LS, YZVE_LS",Detay,-,ING
30182,ING 201A,Essentials of Res.Paper Writ.,Sanal (Çevrimiçi/Online),Meryem Simge Çengel Avcu,YDY YDY,Salı Perşembe,09:00/11:29 09:00/11:29,-- --,30,30,-,"BIOE_LS, BLG_LS, BLGE_LS, CEV_LS, CEVE_LS, CHZ_LS, DEN_LS, ECNE_LS, EHB_LS, EHBE_LS, ELK_LS, ELKE_LS, END_LS, ENDE_LS, ENTE_LS, EUTE_LS, FIZ_LS, GEM_LS, GEO_LS, GEOE_LS, GID_LS, HTA_LS, HTAE_LS, IBM_LS, ICM_LS, INS_LS, INSE_LS, ISL_LS, ISLE_LS, JEF_LS, JEO_LS, KIM_LS, KMM_LS, KOM_LS, KOME_LS, MAD_LS, MAK_LS, MAT_LS, MET_LS, METE_LS, MIM_LS, MIME_LS, MTO_LS, PEME_LS, PETE_LS, ROS_LS, ROSE_LS, SAO_OL, SBP_LS, SBPE_LS, SECE_LS, TEKE_LS, UCK_LS, UZBE_LS, VBAE_LS, YZVE_LS",Detay,-,ING
30183,ING 201A,Essentials of Res.Paper Writ.,Sanal (Çevrimiçi/Online),Meryem Simge Çengel Avcu,YDY YDY,Salı Cuma,11:30/13:59 09:00/11:29,-- --,30,27,-,"BIOE_LS, BLG_LS, BLGE_LS, CEV_LS, CEVE_LS, CHZ_LS, DEN_LS, ECNE_LS, EHB_LS, EHBE_LS, ELK_LS, ELKE_LS, END_LS, ENDE_LS, ENTE_LS, EUTE_LS, FIZ_LS, GEM_LS, GEO_LS, GEOE_LS, GID_LS, HTA_LS, HTAE_LS, IBM_LS, ICM_LS, INS_LS, INSE_LS, ISL_LS, ISLE_LS, JEF_LS, JEO_LS, KIM_LS, KMM_LS, KOM_LS, KOME_LS, MAD_LS, MAK_LS, MAT_LS, MET_LS, METE_LS, MIM_LS, MIME_LS, MTO_LS, PEME_LS, PETE_LS, ROS_LS, ROSE_LS, SAO_OL, SBP_LS, SBPE_LS, SECE_LS, TEKE_LS, UCK_LS, UZBE_LS, VBAE_LS, YZVE_LS",Detay,-,ING
30184,ING 201A,Essentials of Res.Paper Writ.,Sanal (Çevrimiçi/Online),Gürcan Öztürk,YDY YDY,Pazartesi Perşembe,09:00/11:29 09:00/11:29,-- --,30,33,-,"BIOE_LS, BLG_LS, BLGE_LS, CEV_LS, CEVE_LS, CHZ_LS, DEN_LS, ECNE_LS, EHB_LS, EHBE_LS, ELK_LS, ELKE_LS, END_LS, ENDE_LS, ENTE_LS, EUTE_LS, FIZ_LS, GEM_LS, GEO_LS, GEOE_LS, GID_LS, HTA_LS, HTAE_LS, IBM_LS, ICM_LS, INS_LS, INSE_LS, ISL_LS, ISLE_LS, JEF_LS, JEO_LS, KIM_LS, KMM_LS, KOM_LS, KOME_LS, MAD_LS, MAK_LS, MAT_LS, MET_LS, METE_LS, MIM_LS, MIME_LS, MTO_LS, PEME_LS, PETE_LS, ROS_LS, ROSE_LS, SAO_OL, SBP_LS, SBPE_LS, SECE_LS, TEKE_LS, UCK_LS, UZBE_LS, VBAE_LS, YZVE_LS",Detay,-,ING
30185,ING 201A,Essentials of Res.Paper Writ.,Sanal (Çevrimiçi/Online),Gürcan Öztürk,YDY YDY,Pazartesi Perşembe,11:30/13:59 11:30/13:59,-- --,30,31,-,"BIOE_LS, BLG_LS, BLGE_LS, CEV_LS, CEVE_LS, CHZ_LS, DEN_LS, ECNE_LS, EHB_LS, EHBE_LS, ELK_LS, ELKE_LS, END_LS, ENDE_LS, ENTE_LS, EUTE_LS, FIZ_LS, GEM_LS, GEO_LS, GEOE_LS, GID_LS, HTA_LS, HTAE_LS, IBM_LS, ICM_LS, INS_LS, INSE_LS, ISL_LS, ISLE_LS, JEF_LS, JEO_LS, KIM_LS, KMM_LS, KOM_LS, KOME_LS, MAD_LS, MAK_LS, MAT_LS, MET_LS, METE_LS, MIM_LS, MIME_LS, MTO_LS, PEME_LS, PETE_LS, ROS_LS, ROSE_LS, SAO_OL, SBP_LS, SBPE_LS, SECE_LS, TEKE_LS, UCK_LS, UZBE_LS, VBAE_LS, YZVE_LS",Detay,-,ING
30186,ING 201A,Essentials of Res.Paper Writ.,Sanal (Çevrimiçi/Online),Gürcan Öztürk,YDY YDY,Salı Cuma,09:00/11:29 09:00/11:29,-- --,30,33,-,"BIOE_LS, BLG_LS, BLGE_LS, CEV_LS, CEVE_LS, CHZ_LS, DEN_LS, ECNE_LS, EHB_LS, EHBE_LS, ELK_LS, ELKE_LS, END_LS, ENDE_LS, ENTE_LS, EUTE_LS, FIZ_LS, GEM_LS, GEO_LS, GEOE_LS, GID_LS, HTA_LS, HTAE_LS, IBM_LS, ICM_LS, INS_LS, INSE_LS, ISL_LS, ISLE_LS, JEF_LS, JEO_LS, KIM_LS, KMM_LS, KOM_LS, KOME_LS, MAD_LS, MAK_LS, MAT_LS, MET_LS, METE_LS, MIM_LS, MIME_LS, MTO_LS, PEME_LS, PETE_LS, ROS_LS, ROSE_LS, SAO_OL, SBP_LS, SBPE_LS, SECE_LS, TEKE_LS, UCK_LS, UZBE_LS, VBAE_LS, YZVE_LS",Detay,-,ING
30187,ING 201A,Essentials of Res.Paper Writ.,Sanal (Çevrimiçi/Online),Gürcan Öztürk,YDY YDY,Salı Cuma,11:30/13:59 14:00/16:29,-- --,30,31,-,"BIOE_LS, BLG_LS, BLGE_LS, CEV_LS, CEVE_LS, CHZ_LS, DEN_LS, ECNE_LS, EHB_LS, EHBE_LS, ELK_LS, ELKE_LS, END_LS, ENDE_LS, ENTE_LS, EUTE_LS, FIZ_LS, GEM_LS, GEO_LS, GEOE_LS, GID_LS, HTA_LS, HTAE_LS, IBM_LS, ICM_LS, INS_LS, INSE_LS, ISL_LS, ISLE_LS, JEF_LS, JEO_LS, KIM_LS, KMM_LS, KOM_LS, KOME_LS, MAD_LS, MAK_LS, MAT_LS, MET_LS, METE_LS, MIM_LS, MIME_LS, MTO_LS, PEME_LS, PETE_LS, ROS_LS, ROSE_LS, SAO_OL, SBP_LS, SBPE_LS, SECE_LS, TEKE_LS, UCK_LS, UZBE_LS, VBAE_LS, YZVE_LS",Detay,-,ING
30188,ING 201A,Essentials of Res.Paper Writ.,Sanal (Çevrimiçi/Online),Hatice Gökçin Köksal Çekin,YDY YDY,Pazartesi Çarşamba,09:00/11:29 09:00/11:29,-- --,30,29,-,"BIOE_LS, BLG_LS, BLGE_LS, CEV_LS, CEVE_LS, CHZ_LS, DEN_LS, ECNE_LS, EHB_LS, EHBE_LS, ELK_LS, ELKE_LS, END_LS, ENDE_LS, ENTE_LS, EUTE_LS, FIZ_LS, GEM_LS, GEO_LS, GEOE_LS, GID_LS, HTA_LS, HTAE_LS, IBM_LS, ICM_LS, INS_LS, INSE_LS, ISL_LS, ISLE_LS, JEF_LS, JEO_LS, KIM_LS, KMM_LS, KOM_LS, KOME_LS, MAD_LS, MAK_LS, MAT_LS, MET_LS, METE_LS, MIM_LS, MIME_LS, MTO_LS, PEME_LS, PETE_LS, ROS_LS, ROSE_LS, SAO_OL, SBP_LS, SBPE_LS, SECE_LS, TEKE_LS, UCK_LS, UZBE_LS, VBAE_LS, YZVE_LS",Detay,-,ING
30189,ING 201A,Essentials of Res.Paper Writ.,Sanal (Çevrimiçi/Online),Hatice Gökçin Köksal Çekin,YDY YDY,Pazartesi Çarşamba,11:30/13:59 11:30/13:59,-- --,30,28,-,"BIOE_LS, BLG_LS, BLGE_LS, CEV_LS, CEVE_LS, CHZ_LS, DEN_LS, ECNE_LS, EHB_LS, EHBE_LS, ELK_LS, ELKE_LS, END_LS, ENDE_LS, ENTE_LS, EUTE_LS, FIZ_LS, GEM_LS, GEO_LS, GEOE_LS, GID_LS, HTA_LS, HTAE_LS, IBM_LS, ICM_LS, INS_LS, INSE_LS, ISL_LS, ISLE_LS, JEF_LS, JEO_LS, KIM_LS, KMM_LS, KOM_LS, KOME_LS, MAD_LS, MAK_LS, MAT_LS, MET_LS, METE_LS, MIM_LS, MIME_LS, MTO_LS, PEME_LS, PETE_LS, ROS_LS, ROSE_LS, SAO_OL, SBP_LS, SBPE_LS, SECE_LS, TEKE_LS, UCK_LS, UZBE_LS, VBAE_LS, YZVE_LS",Detay,-,ING
30295,ING 201A,Essentials of Res.Paper Writ.,Sanal (Çevrimiçi/Online),Suzan Arıman,YDY YDY,Pazartesi Çarşamba,09:00/11:29 09:00/11:29,-- --,30,30,-,"BIOE_LS, BLG_LS, BLGE_LS, CEV_LS, CEVE_LS, CHZ_LS, DEN_LS, ECNE_LS, EHB_LS, EHBE_LS, ELK_LS, ELKE_LS, END_LS, ENDE_LS, ENTE_LS, EUTE_LS, FIZ_LS, GEM_LS, GEO_LS, GEOE_LS, GID_LS, HTA_LS, HTAE_LS, IBM_LS, ICM_LS, INS_LS, INSE_LS, ISL_LS, ISLE_LS, JEF_LS, JEO_LS, KIM_LS, KMM_LS, KOM_LS, KOME_LS, MAD_LS, MAK_LS, MAT_LS, MET_LS, METE_LS, MIM_LS, MIME_LS, MTO_LS, PEME_LS, PETE_LS, ROS_LS, ROSE_LS, SAO_OL, SBP_LS, SBPE_LS, SECE_LS, TEKE_LS, UCK_LS, UZBE_LS, VBAE_LS, YZVE_LS",Detay,-,ING
30296,ING 201A,Essentials of Res.Paper Writ.,Sanal (Çevrimiçi/Online),Suzan Arıman,YDY YDY,Salı Perşembe,09:00/11:29 09:00/11:29,-- --,30,30,-,"BIOE_LS, BLG_LS, BLGE_LS, CEV_LS, CEVE_LS, CHZ_LS, DEN_LS, ECNE_LS, EHB_LS, EHBE_LS, ELK_LS, ELKE_LS, END_LS, ENDE_LS, ENTE_LS, EUTE_LS, FIZ_LS, GEM_LS, GEO_LS, GEOE_LS, GID_LS, HTA_LS, HTAE_LS, IBM_LS, ICM_LS, INS_LS, INSE_LS, ISL_LS, ISLE_LS, JEF_LS, JEO_LS, KIM_LS, KMM_LS, KOM_LS, KOME_LS, MAD_LS, MAK_LS, MAT_LS, MET_LS, METE_LS, MIM_LS, MIME_LS, MTO_LS, PEME_LS, PETE_LS, ROS_LS, ROSE_LS, SAO_OL, SBP_LS, SBPE_LS, SECE_LS, TEKE_LS, UCK_LS, UZBE_LS, VBAE_LS, YZVE_LS",Detay,-,ING
30297,ING 201A,Essentials of Res.Paper Writ.,Sanal (Çevrimiçi/Online),Suzan Arıman,YDY YDY,Pazartesi Çarşamba,11:30/13:59 11:30/13:59,-- --,30,28,-,"BIOE_LS, BLG_LS, BLGE_LS, CEV_LS, CEVE_LS, CHZ_LS, DEN_LS, ECNE_LS, EHB_LS, EHBE_LS, ELK_LS, ELKE_LS, END_LS, ENDE_LS, ENTE_LS, EUTE_LS, FIZ_LS, GEM_LS, GEO_LS, GEOE_LS, GID_LS, HTA_LS, HTAE_LS, IBM_LS, ICM_LS, INS_LS, INSE_LS, ISL_LS, ISLE_LS, JEF_LS, JEO_LS, KIM_LS, KMM_LS, KOM_LS, KOME_LS, MAD_LS, MAK_LS, MAT_LS, MET_LS, METE_LS, MIM_LS, MIME_LS, MTO_LS, PEME_LS, PETE_LS, ROS_LS, ROSE_LS, SAO_OL, SBP_LS, SBPE_LS, SECE_LS, TEKE_LS, UCK_LS, UZBE_LS, VBAE_LS, YZVE_LS",Detay,-,ING
30298,ING 201A,Essentials of Res.Paper Writ.,Sanal (Çevrimiçi/Online),Suzan Arıman,YDY YDY,Salı Perşembe,11:30/13:59 11:30/13:59,-- --,30,28,-,"BIOE_LS, BLG_LS, BLGE_LS, CEV_LS, CEVE_LS, CHZ_LS, DEN_LS, ECNE_LS, EHB_LS, EHBE_LS, ELK_LS, ELKE_LS, END_LS, ENDE_LS, ENTE_LS, EUTE_LS, FIZ_LS, GEM_LS, GEO_LS, GEOE_LS, GID_LS, HTA_LS, HTAE_LS, IBM_LS, ICM_LS, INS_LS, INSE_LS, ISL_LS, ISLE_LS, JEF_LS, JEO_LS, KIM_LS, KMM_LS, KOM_LS, KOME_LS, MAD_LS, MAK_LS, MAT_LS, MET_LS, METE_LS, MIM_LS, MIME_LS, MTO_LS, PEME_LS, PETE_LS, ROS_LS, ROSE_LS, SAO_OL, SBP_LS, SBPE_LS, SECE_LS, TEKE_LS, UCK_LS, UZBE_LS, VBAE_LS, YZVE_LS",Detay,-,ING
30459,ING 201A,Essentials of Res.Paper Writ.,Sanal (Çevrimiçi/Online),Şerife İrem Bailie,MED MED,Salı Perşembe,09:00/11:29 09:00/11:29,-- --,35,37,-,"ARC_LS, CEN_LS, EEE_LS, EFN_LS, IAD_LS, IND_LS, MMD_LS, NAE_LS",Detay,-,ING
30490,ING 201A,Essentials of Res.Paper Writ.,Sanal (Çevrimiçi/Online),Gürcan Öztürk,MED MED,Pazartesi Perşembe,14:00/16:29 14:00/16:29,-- --,30,27,-,"BIOE_LS, BLG_LS, BLGE_LS, CEV_LS, CEVE_LS, CHZ_LS, DEN_LS, ECNE_LS, EHB_LS, EHBE_LS, ELK_LS, ELKE_LS, END_LS, ENDE_LS, ENTE_LS, FIZ_LS, GEM_LS, GEO_LS, GEOE_LS, GID_LS, HTA_LS, HTAE_LS, IBM_LS, ICM_LS, INS_LS, INSE_LS, ISL_LS, ISLE_LS, JEF_LS, JEO_LS, KIM_LS, KMM_LS, KOM_LS, KOME_LS, MAD_LS, MAK_LS, MAT_LS, MET_LS, METE_LS, MIM_LS, MIME_LS, MTO_LS, PEME_LS, PETE_LS, ROS_LS, ROSE_LS, SAO_OL, SBP_LS, SBPE_LS, SECE_LS, TEKE_LS, UCK_LS, UZBE_LS, VBAE_LS, YZVE_LS",Detay,-,ING
30374,INS 102,Statik,Fiziksel (Yüz yüze),Erol Demirkan,INB INB INB,Salı Salı Çarşamba,10:00/12:29 13:30/16:59 13:30/16:59,B206 B206 B206,50,41,-,INS_LS,Detay,-,INS
30370,INS 217,Mukavemet I,Fiziksel (Yüz yüze),Teoman Özer,INB INB INB,Pazartesi Pazartesi Çarşamba,08:30/12:29 13:30/17:29 08:30/09:59,B302 B302 B303,30,33,-,INS_LS,Detay,-,INS
30371,INS 218,Mukavemet II,Fiziksel (Yüz yüze),Teoman Özer,INB INB INB,Salı Salı Çarşamba,08:30/12:29 13:30/17:29 10:30/11:59,B303 B303 B303,30,36,-,INS_LS,Detay,-,INS
30372,INS 218E,Strength of Materials II,Fiziksel (Yüz yüze),Ünal Aldemir,INB INB INB,Pazartesi Pazartesi Salı,08:30/12:29 13:30/15:29 08:30/11:59,A105 A105 A105,40,44,-,"INS_LS, INSE_LS",Detay,-,INS
30380,INS 226,Mühendis Matematik Model Esas,Fiziksel (Yüz yüze),Yavuz Selim Güçlü,INB INB,Salı Çarşamba,09:00/12:29 09:00/12:29,B305 B305,25,22,-,INS_LS,-,-,INS
30397,INS 232E,Surveying,Fiziksel (Yüz yüze),Muhammed Enes Atik,INB INB,Çarşamba Perşembe,13:30/17:29 13:30/16:29,D201 A1,40,9,-,"INS_LS, INSE_LS",-,-,INS
30404,INS 302,Karayolu Mühendisliği,Fiziksel (Yüz yüze),Kemal Selçuk Öğüt,INB INB INB,Çarşamba Perşembe Cuma,12:30/15:29 14:30/17:29 14:00/17:29,B302 B302 B302,40,32,-,INS_LS,Detay,-,INS
30405,INS 325,Demiryolu Müh.,Fiziksel (Yüz yüze),Kemal Selçuk Öğüt,INB INB,Çarşamba Perşembe,15:30/17:29 11:30/14:29,B302 B305,40,28,-,INS_LS,Detay,-,INS
30392,INS 336,Yapı Statiği II,Fiziksel (Yüz yüze),"Yavuz Durgun , Emre Gönülcü , Mehmet Günhan Aksoylu",INB INB INB,Salı Salı Çarşamba,09:30/12:29 13:30/16:29 09:00/12:29,A103 A103 A103,60,53,-,INS_LS,Detay,-,INS
30393,INS 336E,Theory of Structures II,Fiziksel (Yüz yüze),"Burcu Güneş , Ülkü Hülya Çalık Karaköse , Ahmet Güllü",INB INB INB,Salı Salı Çarşamba,09:30/12:29 13:30/16:29 09:00/12:29,B302 B302 B302,60,46,-,"AIN_LS, INS_LS, INSE_LS",Detay,-,INS
30381,INS 354,Hidroloji,Fiziksel (Yüz yüze),Yavuz Selim Güçlü,INB INB,Salı Çarşamba,13:00/16:29 13:00/16:29,B307 B307,25,29,-,INS_LS,-,-,INS
30379,INS 354E,Hydrology,Fiziksel (Yüz yüze),Mehmet Cüneyd Demirel,INB INB,Çarşamba Perşembe,09:30/13:29 10:30/13:29,B306 B306,25,16,-,"AIN_LS, INS_LS, INSE_LS",-,-,INS
30382,INS 354E,Hydrology,Fiziksel (Yüz yüze),"Mehmet Özger , Cihan Bayındır",INB INB,Pazartesi Perşembe,08:30/12:29 13:30/16:29,A101 A101,50,11,-,"AIN_LS, INS_LS, INSE_LS",-,-,INS
30384,INS 360,Hidrolik,Fiziksel (Yüz yüze),Necati Erdem Ünal,INB INB INB,Pazartesi Salı Çarşamba,08:30/12:29 08:30/12:29 08:30/09:59,A3 A3 A3,30,25,-,"CEV_LS, INS_LS",Detay,-,INS
30385,INS 360,Hidrolik,Fiziksel (Yüz yüze),Necati Erdem Ünal,INB INB INB,Pazartesi Salı Perşembe,13:30/17:29 13:30/17:29 08:30/09:59,A3 A3 A3,30,24,-,"CEV_LS, INS_LS",Detay,-,INS
30377,INS 360E,Hydraulics,Fiziksel (Yüz yüze),Erdal Kesgin,INB INB INB,Çarşamba Çarşamba Cuma,08:30/12:29 13:30/16:29 09:30/11:59,B104 B104 B104,25,26,-,"AIN_LS, CEV_LS, CEVE_LS, INS_LS, INSE_LS",Detay,-,INS
30488,INS 401,Su Kaynakları,Fiziksel (Yüz yüze),Mehmet Melih Koşucu,INB INB,Pazartesi Pazartesi,08:30/12:29 13:30/14:29,B103 B103,30,30,-,"INS_LS, INSE_LS",Detay,-,INS
30391,INS 4042E,Dams,Fiziksel (Yüz yüze),"Şevket Çokgör , Mehmet Melih Koşucu",INB INB,Salı Salı,08:30/12:29 13:30/16:29,B306 B306,25,13,-,"AIN_LS, INS_LS, INSE_LS",Detay,-,INS
30388,INS 4075E,Hydrologic Modeling,Fiziksel (Yüz yüze),Mehmet Cüneyd Demirel,INB INB INB,Pazartesi Salı Cuma,13:30/15:29 13:30/15:29 09:30/12:29,A1 A1 A1,25,8,-,"AIN_LS, INS_LS, INSE_LS",Detay,-,INS
30378,INS 4077,Su Getirme&Kanaliz. Sist.Tas.,Fiziksel (Yüz yüze),Mehmet Cüneyd Demirel,INB INB,Pazartesi Salı,10:30/13:29 09:30/13:29,A2 A2,25,10,-,INS_LS,Detay,-,INS
30491,INS 433E,Reinforced Concrete II,Sınırsız Sınav,Alper İlki,-,-,-/-,-,0,15,-,-,Detay,-,INS
30482,INT 101E,Experiential Learning,Fiziksel (Yüz yüze),-,-,-,-/-,-,0,6,-,-,-,-,INT
30474,ISE 102,Programming I,Fiziksel (Yüz yüze),Deniz Turgay Altılar,BBB BBB BBB BBB,Salı Çarşamba Çarşamba Perşembe,08:30/11:29 08:30/11:29 13:30/15:29 13:30/17:29,122 122 122 122,20,8,-,SBL_LS,-,-,ISE
30475,ISE 111,Linear Algebra,Fiziksel (Yüz yüze),Deniz Turgay Altılar,BBB BBB,Salı Perşembe,13:30/17:29 08:30/11:29,122 122,20,2,-,SBL_LS,-,-,ISE
30477,ISE 112,Discrete Mathematics,Fiziksel (Yüz yüze),Mehmet Akif Yazıcı,BBB BBB BBB,Pazartesi Pazartesi Cuma,10:00/11:59 14:00/15:59 09:00/11:59,122 122 122,20,1,-,SBL_LS,-,-,ISE
30190,ITB 203,Sosyoloji,Fiziksel (Yüz yüze),Nurullah Ardıç,FEB FEB,Pazartesi Salı,11:30/14:59 11:30/14:59,D106 D106,35,34,-,"BIO_LS, BLG_LS, BST_LS, CAB_LS, CEB_LS, CEV_LS, CHZ_LS, DEN_LS, DUI_LS, EHB_LS, ELE_LS, ELH_LS, ELK_LS, END_LS, EUT_LS, FIZ_LS, GEM_LS, GEO_LS, GID_LS, GMI_LS, HTA_LS, IBM_LS, ICM_LS, IML_LS, INS_LS, ISL_LS, JEO_LS, KIM_LS, KMM_LS, KMP_LS, KOM_LS, MAD_LS, MAK_LS, MAT_LS, MET_LS, MIM_LS, MKN_LS, MTO_LS, MTR_LS, MUT_LS, MUZ_LS, MZT_LS, PEM_LS, PET_LS, SAO_OL, SBP_LS, SES_LS, TEB_LS, TEK_LS, THO_LS, UCK_LS, UZB_LS",-,-,ITB
30191,ITB 207,Osmanlı Tarihi,Fiziksel (Yüz yüze),Cüneyd Okay,MMB MMB MMB,Salı Çarşamba Perşembe,08:30/11:29 08:30/11:29 08:30/09:29,215 215 215,20,19,-,"BIO_LS, BLG_LS, BST_LS, CAB_LS, CEB_LS, CEV_LS, CHZ_LS, DEN_LS, DUI_LS, EHB_LS, ELE_LS, ELH_LS, ELK_LS, END_LS, EUT_LS, FIZ_LS, GEM_LS, GEO_LS, GID_LS, GMI_LS, HTA_LS, IBM_LS, ICM_LS, IML_LS, INS_LS, ISL_LS, JEO_LS, KIM_LS, KMM_LS, KMP_LS, KOM_LS, MAD_LS, MAK_LS, MAT_LS, MET_LS, MIM_LS, MKN_LS, MTO_LS, MTR_LS, MUT_LS, MUZ_LS, MZT_LS, PEM_LS, PET_LS, SAO_OL, SBP_LS, SES_LS, TEB_LS, TEK_LS, THO_LS, UCK_LS, UZB_LS",-,-,ITB
30192,ITB 207,Osmanlı Tarihi,Fiziksel (Yüz yüze),Cüneyd Okay,MMB MMB MMB,Salı Çarşamba Perşembe,11:30/14:29 11:30/14:29 09:30/10:29,215 215 215,20,16,-,"BIO_LS, BLG_LS, BST_LS, CAB_LS, CEB_LS, CEV_LS, CHZ_LS, DEN_LS, DUI_LS, EHB_LS, ELE_LS, ELH_LS, ELK_LS, END_LS, EUT_LS, FIZ_LS, GEM_LS, GEO_LS, GID_LS, GMI_LS, HTA_LS, IBM_LS, ICM_LS, IML_LS, INS_LS, ISL_LS, JEO_LS, KIM_LS, KMM_LS, KMP_LS, KOM_LS, MAD_LS, MAK_LS, MAT_LS, MET_LS, MIM_LS, MKN_LS, MTO_LS, MTR_LS, MUT_LS, MUZ_LS, MZT_LS, PEM_LS, PET_LS, SAO_OL, SBP_LS, SES_LS, TEB_LS, TEK_LS, THO_LS, UCK_LS, UZB_LS",-,-,ITB
30193,ITB 207,Osmanlı Tarihi,Fiziksel (Yüz yüze),Cüneyd Okay,MMB MMB MMB,Salı Çarşamba Perşembe,14:30/16:29 14:30/16:29 10:30/13:29,215 215 215,20,18,-,"BIO_LS, BLG_LS, BST_LS, CAB_LS, CEB_LS, CEV_LS, CHZ_LS, DEN_LS, DUI_LS, EHB_LS, ELE_LS, ELH_LS, ELK_LS, END_LS, EUT_LS, FIZ_LS, GEM_LS, GEO_LS, GID_LS, GMI_LS, HTA_LS, IBM_LS, ICM_LS, IML_LS, INS_LS, ISL_LS, JEO_LS, KIM_LS, KMM_LS, KMP_LS, KOM_LS, MAD_LS, MAK_LS, MAT_LS, MET_LS, MIM_LS, MKN_LS, MTO_LS, MTR_LS, MUT_LS, MUZ_LS, MZT_LS, PEM_LS, PET_LS, SAO_OL, SBP_LS, SES_LS, TEB_LS, TEK_LS, THO_LS, UCK_LS, UZB_LS",-,-,ITB
30194,ITB 207E,Ottoman History,Fiziksel (Yüz yüze),Hasan Karataş,FEB FEB,Pazartesi Çarşamba,09:30/12:59 09:30/12:59,D203 D203,35,33,-,"ARC_LS, BES_LS, BIO_LS, BIOE_LS, BLG_LS, BLGE_LS, BST_LS, CAB_3T_LS, CAB_4T_LS, CAB_BG_LS, CAB_DL_LS, CAB_DS_LS, CAB_KA_LS, CAB_KE_LS, CAB_KL_LS, CAB_KM_LS, CAB_KO_LS, CAB_LS, CAB_ME_LS, CAB_NE_LS, CAB_TA_LS, CAB_TN_LS, CAB_UD_LS, CAB_VC_LS, CAB_VI_LS, CAB_VS_LS, CEB_LS, CEN_LS, CES_LS, CEV_LS, CEVE_LS, CHZ_LS, CHZE_LS, DEN_LS, DENE_LS, DUI_LS, DUIE_LS, ECNE_LS, EEE_LS, EFN_LS, EHB_LS, EHBE_LS, EHN_LS, EHS_LS, ELE_LS, ELH_LS, ELK_LS, ELKE_LS, END_LS, ENDE_LS, ENT_LS, ENTE_LS, ESS_LS, EUT_LS, EUTE_LS, FIZ_LS, FIZE_LS, GEM_LS, GEME_LS, GEMK_LS, GEO_LS, GEOE_LS, GID_LS, GIDE_LS, GMI_LS, GMIE_LS, HTA_LS, HTAE_LS, IAD_LS, IBM_LS, ICM_LS, IEBE_LS, IML_LS, IMLE_LS, IND_LS, INS_LS, INSE_LS, ISL_LS, ISLE_LS, JEF_LS, JEFE_LS, JEO_LS, JEOE_LS, KIM_LS, KIME_LS, KMM_LS, KMME_LS, KMP_LS, KOM_LS, KOME_LS, KON_LS, MAD_LS, MADE_LS, MAK_LS, MAKE_LS, MAT_LS, MATE_LS, MBI_LS, MEN_LS, MET_LS, METE_LS, MIM_LS, MIME_LS, MMD_LS, MSS_LS, MTM_LS, MTO_LS, MTOE_LS, MTR_LS, MUT_LS, MUZ_LS, MUZE_LS, MZT_LS, NAE_LS, PEM_LS, PEME_LS, PET_LS, PETE_LS, ROS_LS, ROSE_LS, SAO_OL, SAS_LS, SBL_LS, SBP_LS, SBPE_LS, SDU_LS, SECE_LS, SED_LS, SEK_LS, SEN_LS, SES_LS, SES_TH_LS, SES_TS_LS, SGI_LS, SGM_LS, SIN_LS, SIS_LS, SMT_LS, STP_LS, TEB_LS, TEK_LS, TEKE_LS, TEL_LS, THO_LS, UCK_LS, UZB_LS, UZBE_LS, VBAE_LS, YZVE_LS",-,-,ITB
30195,ITB 207E,Ottoman History,Fiziksel (Yüz yüze),Hasan Karataş,FEB FEB,Pazartesi Çarşamba,13:30/16:59 13:30/16:59,D105 D105,35,49,-,"ARC_LS, BES_LS, BIO_LS, BIOE_LS, BLG_LS, BLGE_LS, BST_LS, CAB_3T_LS, CAB_4T_LS, CAB_BG_LS, CAB_DL_LS, CAB_DS_LS, CAB_KA_LS, CAB_KE_LS, CAB_KL_LS, CAB_KM_LS, CAB_KO_LS, CAB_LS, CAB_ME_LS, CAB_NE_LS, CAB_TA_LS, CAB_TN_LS, CAB_UD_LS, CAB_VC_LS, CAB_VI_LS, CAB_VS_LS, CEB_LS, CEN_LS, CES_LS, CEV_LS, CEVE_LS, CHZ_LS, CHZE_LS, DEN_LS, DENE_LS, DUI_LS, DUIE_LS, ECNE_LS, EEE_LS, EFN_LS, EHB_LS, EHBE_LS, EHN_LS, EHS_LS, ELE_LS, ELH_LS, ELK_LS, ELKE_LS, END_LS, ENDE_LS, ENT_LS, ENTE_LS, ESS_LS, EUT_LS, EUTE_LS, FIZ_LS, FIZE_LS, GEM_LS, GEME_LS, GEMK_LS, GEO_LS, GEOE_LS, GID_LS, GIDE_LS, GMI_LS, GMIE_LS, HTA_LS, HTAE_LS, IAD_LS, IBM_LS, ICM_LS, IEBE_LS, IML_LS, IMLE_LS, IND_LS, INS_LS, INSE_LS, ISL_LS, ISLE_LS, JEF_LS, JEFE_LS, JEO_LS, JEOE_LS, KIM_LS, KIME_LS, KMM_LS, KMME_LS, KMP_LS, KOM_LS, KOME_LS, KON_LS, MAD_LS, MADE_LS, MAK_LS, MAKE_LS, MAT_LS, MATE_LS, MBI_LS, MEN_LS, MET_LS, METE_LS, MIM_LS, MIME_LS, MMD_LS, MSS_LS, MTM_LS, MTO_LS, MTOE_LS, MTR_LS, MUT_LS, MUZ_LS, MUZE_LS, MZT_LS, NAE_LS, PEM_LS, PEME_LS, PET_LS, PETE_LS, ROS_LS, ROSE_LS, SAO_OL, SAS_LS, SBL_LS, SBP_LS, SBPE_LS, SDU_LS, SECE_LS, SED_LS, SEK_LS, SEN_LS, SES_LS, SES_TH_LS, SES_TS_LS, SGI_LS, SGM_LS, SIN_LS, SIS_LS, SMT_LS, STP_LS, TEB_LS, TEK_LS, TEKE_LS, TEL_LS, THO_LS, UCK_LS, UZB_LS, UZBE_LS, VBAE_LS, YZVE_LS",-,-,ITB
30196,ITB 214E,The Modern Middle East,Fiziksel (Yüz yüze),Umut Uzer,FEB FEB,Salı Çarşamba,10:30/14:29 10:30/13:29,D206 D206,31,30,-,"ARC_LS, BES_LS, BIO_LS, BIOE_LS, BLG_LS, BLGE_LS, BST_LS, CAB_3T_LS, CAB_4T_LS, CAB_BG_LS, CAB_DL_LS, CAB_DS_LS, CAB_KA_LS, CAB_KE_LS, CAB_KL_LS, CAB_KM_LS, CAB_KO_LS, CAB_LS, CAB_ME_LS, CAB_NE_LS, CAB_TA_LS, CAB_TN_LS, CAB_UD_LS, CAB_VC_LS, CAB_VI_LS, CAB_VS_LS, CEB_LS, CEN_LS, CES_LS, CEV_LS, CEVE_LS, CHZ_LS, CHZE_LS, DEN_LS, DENE_LS, DUI_LS, DUIE_LS, ECNE_LS, EEE_LS, EFN_LS, EHB_LS, EHBE_LS, EHN_LS, EHS_LS, ELE_LS, ELH_LS, ELK_LS, ELKE_LS, END_LS, ENDE_LS, ENT_LS, ENTE_LS, ESS_LS, EUT_LS, EUTE_LS, FIZ_LS, FIZE_LS, GEM_LS, GEME_LS, GEMK_LS, GEO_LS, GEOE_LS, GID_LS, GIDE_LS, GMI_LS, GMIE_LS, HTA_LS, HTAE_LS, IAD_LS, IBM_LS, ICM_LS, IEBE_LS, IML_LS, IMLE_LS, IND_LS, INS_LS, INSE_LS, ISL_LS, ISLE_LS, JEF_LS, JEFE_LS, JEO_LS, JEOE_LS, KIM_LS, KIME_LS, KMM_LS, KMME_LS, KMP_LS, KOM_LS, KOME_LS, KON_LS, MAD_LS, MADE_LS, MAK_LS, MAKE_LS, MAT_LS, MATE_LS, MBI_LS, MEN_LS, MET_LS, METE_LS, MIM_LS, MIME_LS, MMD_LS, MSS_LS, MTM_LS, MTO_LS, MTOE_LS, MTR_LS, MUT_LS, MUZ_LS, MUZE_LS, MZT_LS, NAE_LS, PEM_LS, PEME_LS, PET_LS, PETE_LS, ROS_LS, ROSE_LS, SAO_OL, SAS_LS, SBL_LS, SBP_LS, SBPE_LS, SDU_LS, SECE_LS, SED_LS, SEK_LS, SEN_LS, SES_LS, SES_TH_LS, SES_TS_LS, SGI_LS, SGM_LS, SIN_LS, SIS_LS, SMT_LS, STP_LS, TEB_LS, TEK_LS, TEKE_LS, TEL_LS, THO_LS, UCK_LS, UZB_LS, UZBE_LS, VBAE_LS, YZVE_LS",-,-,ITB
30197,ITB 214E,The Modern Middle East,Fiziksel (Yüz yüze),Umut Uzer,FEB FEB,Salı Çarşamba,14:30/17:29 13:30/17:29,D206 D206,30,29,-,"ARC_LS, BES_LS, BIO_LS, BIOE_LS, BLG_LS, BLGE_LS, BST_LS, CAB_3T_LS, CAB_4T_LS, CAB_BG_LS, CAB_DL_LS, CAB_DS_LS, CAB_KA_LS, CAB_KE_LS, CAB_KL_LS, CAB_KM_LS, CAB_KO_LS, CAB_LS, CAB_ME_LS, CAB_NE_LS, CAB_TA_LS, CAB_TN_LS, CAB_UD_LS, CAB_VC_LS, CAB_VI_LS, CAB_VS_LS, CEB_LS, CEN_LS, CES_LS, CEV_LS, CEVE_LS, CHZ_LS, CHZE_LS, DEN_LS, DENE_LS, DUI_LS, DUIE_LS, ECNE_LS, EEE_LS, EFN_LS, EHB_LS, EHBE_LS, EHN_LS, EHS_LS, ELE_LS, ELH_LS, ELK_LS, ELKE_LS, END_LS, ENDE_LS, ENT_LS, ENTE_LS, ESS_LS, EUT_LS, EUTE_LS, FIZ_LS, FIZE_LS, GEM_LS, GEME_LS, GEMK_LS, GEO_LS, GEOE_LS, GID_LS, GIDE_LS, GMI_LS, GMIE_LS, HTA_LS, HTAE_LS, IAD_LS, IBM_LS, ICM_LS, IEBE_LS, IML_LS, IMLE_LS, IND_LS, INS_LS, INSE_LS, ISL_LS, ISLE_LS, JEF_LS, JEFE_LS, JEO_LS, JEOE_LS, KIM_LS, KIME_LS, KMM_LS, KMME_LS, KMP_LS, KOM_LS, KOME_LS, KON_LS, MAD_LS, MADE_LS, MAK_LS, MAKE_LS, MAT_LS, MATE_LS, MBI_LS, MEN_LS, MET_LS, METE_LS, MIM_LS, MIME_LS, MMD_LS, MSS_LS, MTM_LS, MTO_LS, MTOE_LS, MTR_LS, MUT_LS, MUZ_LS, MUZE_LS, MZT_LS, NAE_LS, PEM_LS, PEME_LS, PET_LS, PETE_LS, ROS_LS, ROSE_LS, SAO_OL, SAS_LS, SBL_LS, SBP_LS, SBPE_LS, SDU_LS, SECE_LS, SED_LS, SEK_LS, SEN_LS, SES_LS, SES_TH_LS, SES_TS_LS, SGI_LS, SGM_LS, SIN_LS, SIS_LS, SMT_LS, STP_LS, TEB_LS, TEK_LS, TEKE_LS, TEL_LS, THO_LS, UCK_LS, UZB_LS, UZBE_LS, VBAE_LS, YZVE_LS",-,-,ITB
30198,ITB 218,Bilim ve Teknoloji Tarihi,Fiziksel (Yüz yüze),Aytekin Çökelez,FEB FEB,Pazartesi Salı,08:30/11:29 08:30/12:29,D103 D103,35,37,-,"BIO_LS, BLG_LS, BST_LS, CAB_LS, CEB_LS, CEV_LS, CHZ_LS, DEN_LS, DUI_LS, EHB_LS, ELE_LS, ELH_LS, ELK_LS, END_LS, EUT_LS, FIZ_LS, GEM_LS, GEO_LS, GID_LS, GMI_LS, HTA_LS, IBM_LS, ICM_LS, IML_LS, INS_LS, ISL_LS, JEO_LS, KIM_LS, KMM_LS, KMP_LS, KOM_LS, MAD_LS, MAK_LS, MAT_LS, MET_LS, MIM_LS, MKN_LS, MTO_LS, MTR_LS, MUT_LS, MUZ_LS, MZT_LS, PEM_LS, PET_LS, SAO_OL, SBP_LS, SES_LS, TEB_LS, TEK_LS, THO_LS, UCK_LS, UZB_LS",-,-,ITB
30199,ITB 218,Bilim ve Teknoloji Tarihi,Fiziksel (Yüz yüze),Aytekin Çökelez,FEB FEB,Pazartesi Salı,11:30/14:29 12:30/16:29,D103 D103,35,35,-,"BIO_LS, BLG_LS, BST_LS, CAB_LS, CEB_LS, CEV_LS, CHZ_LS, DEN_LS, DUI_LS, EHB_LS, ELE_LS, ELH_LS, ELK_LS, END_LS, EUT_LS, FIZ_LS, GEM_LS, GEO_LS, GID_LS, GMI_LS, HTA_LS, IBM_LS, ICM_LS, IML_LS, INS_LS, ISL_LS, JEO_LS, KIM_LS, KMM_LS, KMP_LS, KOM_LS, MAD_LS, MAK_LS, MAT_LS, MET_LS, MIM_LS, MKN_LS, MTO_LS, MTR_LS, MUT_LS, MUZ_LS, MZT_LS, PEM_LS, PET_LS, SAO_OL, SBP_LS, SES_LS, TEB_LS, TEK_LS, THO_LS, UCK_LS, UZB_LS",-,-,ITB
30200,ITB 218,Bilim ve Teknoloji Tarihi,Fiziksel (Yüz yüze),Aytekin Çökelez,FEB FEB,Pazartesi Çarşamba,14:30/17:29 08:30/12:29,D103 D103,35,36,-,"BIO_LS, BLG_LS, BST_LS, CAB_LS, CEB_LS, CEV_LS, CHZ_LS, DEN_LS, DUI_LS, EHB_LS, ELE_LS, ELH_LS, ELK_LS, END_LS, EUT_LS, FIZ_LS, GEM_LS, GEO_LS, GID_LS, GMI_LS, HTA_LS, IBM_LS, ICM_LS, IML_LS, INS_LS, ISL_LS, JEO_LS, KIM_LS, KMM_LS, KMP_LS, KOM_LS, MAD_LS, MAK_LS, MAT_LS, MET_LS, MIM_LS, MKN_LS, MTO_LS, MTR_LS, MUT_LS, MUZ_LS, MZT_LS, PEM_LS, PET_LS, SAO_OL, SBP_LS, SES_LS, TEB_LS, TEK_LS, THO_LS, UCK_LS, UZB_LS",-,-,ITB
30201,ITB 218,Bilim ve Teknoloji Tarihi,Fiziksel (Yüz yüze),Aytekin Çökelez,FEB FEB,Çarşamba Perşembe,12:30/16:29 08:30/11:29,D103 D103,37,38,-,"BIO_LS, BLG_LS, BST_LS, CAB_LS, CEB_LS, CEV_LS, CHZ_LS, DEN_LS, DUI_LS, EHB_LS, ELE_LS, ELH_LS, ELK_LS, END_LS, EUT_LS, FIZ_LS, GEM_LS, GEO_LS, GID_LS, GMI_LS, HTA_LS, IBM_LS, ICM_LS, IML_LS, INS_LS, ISL_LS, JEO_LS, KIM_LS, KMM_LS, KMP_LS, KOM_LS, MAD_LS, MAK_LS, MAT_LS, MET_LS, MIM_LS, MKN_LS, MTO_LS, MTR_LS, MUT_LS, MUZ_LS, MZT_LS, PEM_LS, PET_LS, SAO_OL, SBP_LS, SES_LS, TEB_LS, TEK_LS, THO_LS, UCK_LS, UZB_LS",-,-,ITB
30308,ITB 218,Bilim ve Teknoloji Tarihi,Fiziksel (Yüz yüze),Tuncay Zorlu,FEB FEB,Salı Perşembe,08:30/11:29 08:30/12:29,D306 D306,30,28,-,"BIO_LS, BLG_LS, BST_LS, CAB_LS, CEB_LS, CEV_LS, CHZ_LS, DEN_LS, DUI_LS, EHB_LS, ELE_LS, ELH_LS, ELK_LS, END_LS, EUT_LS, FIZ_LS, GEM_LS, GEO_LS, GID_LS, GMI_LS, HTA_LS, IBM_LS, ICM_LS, IML_LS, INS_LS, ISL_LS, JEO_LS, KIM_LS, KMM_LS, KMP_LS, KOM_LS, MAD_LS, MAK_LS, MAT_LS, MET_LS, MIM_LS, MKN_LS, MTO_LS, MTR_LS, MUT_LS, MUZ_LS, MZT_LS, PEM_LS, PET_LS, SAO_OL, SBP_LS, SES_LS, TEB_LS, TEK_LS, THO_LS, UCK_LS, UZB_LS",-,-,ITB
30309,ITB 218,Bilim ve Teknoloji Tarihi,Fiziksel (Yüz yüze),Tuncay Zorlu,FEB FEB,Salı Perşembe,12:30/15:29 12:30/16:29,D306 D306,30,31,-,"BIO_LS, BLG_LS, BST_LS, CAB_LS, CEB_LS, CEV_LS, CHZ_LS, DEN_LS, DUI_LS, EHB_LS, ELE_LS, ELH_LS, ELK_LS, END_LS, EUT_LS, FIZ_LS, GEM_LS, GEO_LS, GID_LS, GMI_LS, HTA_LS, IBM_LS, ICM_LS, IML_LS, INS_LS, ISL_LS, JEO_LS, KIM_LS, KMM_LS, KMP_LS, KOM_LS, MAD_LS, MAK_LS, MAT_LS, MET_LS, MIM_LS, MKN_LS, MTO_LS, MTR_LS, MUT_LS, MUZ_LS, MZT_LS, PEM_LS, PET_LS, SAO_OL, SBP_LS, SES_LS, TEB_LS, TEK_LS, THO_LS, UCK_LS, UZB_LS",-,-,ITB
30411,ITB 218,Bilim ve Teknoloji Tarihi,Fiziksel (Yüz yüze),Aytekin Çökelez,FEB FEB,Perşembe Cuma,11:30/15:29 08:30/11:29,D103 D103,35,42,-,"BIO_LS, BLG_LS, BST_LS, CAB_LS, CEB_LS, CEV_LS, CHZ_LS, DEN_LS, DUI_LS, EHB_LS, ELE_LS, ELH_LS, ELK_LS, END_LS, EUT_LS, FIZ_LS, GEM_LS, GEO_LS, GID_LS, GMI_LS, HTA_LS, IBM_LS, ICM_LS, IML_LS, INS_LS, ISL_LS, JEO_LS, KIM_LS, KMM_LS, KMP_LS, KOM_LS, MAD_LS, MAK_LS, MAT_LS, MET_LS, MIM_LS, MKN_LS, MTO_LS, MTR_LS, MUT_LS, MUZ_LS, MZT_LS, PEM_LS, PET_LS, SAO_OL, SBP_LS, SES_LS, TEB_LS, TEK_LS, THO_LS, UCK_LS, UZB_LS",-,-,ITB
30300,JEO 112,Genel Jeoloji,Fiziksel (Yüz yüze),Kürşad Kadir Eriş,MDB,Çarşamba,08:30/15:29,B204,35,9,-,"JEO_LS, MAD_LS",-,-,JEO
30301,JEO 348,Sedimenter Kayaç Petrografisi,Fiziksel (Yüz yüze),Kürşad Kadir Eriş,MDB MDB,Perşembe Perşembe,08:30/11:29 13:30/17:29,B204 B204,25,7,-,JEO_LS,Detay,-,JEO
30468,JEO 355E,Sedimentology,Fiziksel (Yüz yüze),Emin Çiftçi,MDB,Pazartesi,08:30/13:29,A202,30,26,-,"JEO_LS, JEO_YD, JEOE_LS",-,-,JEO
30467,JEO 409,Türkiye Jeolojisi,Fiziksel (Yüz yüze),Kürşad Kadir Eriş,MDB MDB,Salı Salı,09:30/12:29 13:30/15:29,A201 A201,35,33,-,"JEO_LS, JEO_YD",-,-,JEO
30232,KIM 101,Genel Kimya I,Fiziksel (Yüz yüze),Altuğ Mert Sevim,FEB FEB,Salı Çarşamba,08:30/11:59 14:00/17:29,D101 D101,75,31,-,"BIO_LS, BLG_LS, CHZ_LS, DEN_LS, EHB_LS, ELE_LS, ELH_LS, ELK_LS, GID_LS, HTA_LS, IBM_LS, IML_LS, INS_LS, JEF_LS, JEO_LS, KIM_YD, KMM_LS, KMM_YD, KOM_LS, MAD_LS, MAK_LS, MAT_LS, MET_LS, PET_LS, ROS_LS, TEK_LS, TEK_YD, TEL_LS, UCK_LS, UCK_YD, UZB_LS, UZB_YD",-,-,KIM
30233,KIM 101,Genel Kimya I,Fiziksel (Yüz yüze),Cüneyt Hüseyin Ünlü,MED MED,Salı Perşembe,13:30/17:29 10:30/13:29,A32 A32,75,59,-,"BIO_LS, BLG_LS, CHZ_LS, DEN_LS, EHB_LS, ELE_LS, ELH_LS, ELK_LS, GID_LS, HTA_LS, IBM_LS, IML_LS, INS_LS, JEF_LS, JEO_LS, KIM_YD, KMM_LS, KMM_YD, KOM_LS, MAD_LS, MAK_LS, MAT_LS, MET_LS, PET_LS, ROS_LS, TEK_LS, TEK_YD, TEL_LS, UCK_LS, UCK_YD, UZB_LS, UZB_YD",-,-,KIM
30234,KIM 101E,General Chemistry I,Fiziksel (Yüz yüze),Altuğ Mert Sevim,FEB FEB,Salı Perşembe,14:00/17:29 08:30/11:59,D102 D104,70,50,-,"BIO_LS, BIOE_LS, BLG_LS, BLGE_LS, CEN_LS, CEV_LS, CEVE_LS, CHZ_LS, CHZE_LS, DEN_LS, DENE_LS, DUI_LS, EEE_LS, EHB_LS, EHBE_LS, ELE_LS, ELH_LS, ELK_LS, ELKE_LS, END_LS, ENDE_LS, FIZ_LS, FIZE_LS, GEM_LS, GEME_LS, GEMK_LS, GEO_LS, GEOE_LS, GID_LS, GIDE_LS, GMI_LS, HTA_LS, HTAE_LS, IBM_LS, IML_LS, IMLE_LS, IND_LS, INS_LS, INSE_LS, ISL_LS, ISLE_LS, JEF_LS, JEFE_LS, JEO_LS, JEOE_LS, KIM_YD, KMM_LS, KMM_YD, KMME_LS, KOM_LS, KOME_LS, MAD_LS, MADE_LS, MAK_LS, MAKE_LS, MAT_LS, MATE_LS, MEN_LS, MET_LS, METE_LS, MTM_LS, MTO_LS, MTOE_LS, NAE_LS, PET_LS, PETE_LS, ROS_LS, ROSE_LS, SECE_LS, TEK_LS, TEK_YD, TEKE_LS, TEL_LS, UCK_LS, UCK_YD, UZB_LS, UZB_YD, UZBE_LS, VBAE_LS",-,-,KIM
30235,KIM 101E,General Chemistry I,Fiziksel (Yüz yüze),Muhammet Übeydullah Kahveci,MED MED,Salı Perşembe,08:30/11:59 08:30/11:59,A33 A33,70,53,-,"BIO_LS, BIOE_LS, BLG_LS, BLGE_LS, CEN_LS, CEV_LS, CEVE_LS, CHZ_LS, CHZE_LS, DEN_LS, DENE_LS, DUI_LS, EEE_LS, EHB_LS, EHBE_LS, ELE_LS, ELH_LS, ELK_LS, ELKE_LS, END_LS, ENDE_LS, FIZ_LS, FIZE_LS, GEM_LS, GEME_LS, GEMK_LS, GEO_LS, GEOE_LS, GID_LS, GIDE_LS, GMI_LS, HTA_LS, HTAE_LS, IBM_LS, IML_LS, IMLE_LS, IND_LS, INS_LS, INSE_LS, ISL_LS, ISLE_LS, JEF_LS, JEFE_LS, JEO_LS, JEOE_LS, KIM_YD, KMM_LS, KMM_YD, KMME_LS, KOM_LS, KOME_LS, MAD_LS, MADE_LS, MAK_LS, MAKE_LS, MAT_LS, MATE_LS, MEN_LS, MET_LS, METE_LS, MTM_LS, MTO_LS, MTOE_LS, NAE_LS, PET_LS, PETE_LS, ROS_LS, ROSE_LS, SECE_LS, TEK_LS, TEK_YD, TEKE_LS, TEL_LS, UCK_LS, UCK_YD, UZB_LS, UZB_YD, UZBE_LS, VBAE_LS",-,-,KIM
30236,KIM 101E,General Chemistry I,Fiziksel (Yüz yüze),Cüneyt Hüseyin Ünlü,MED MED,Çarşamba Perşembe,13:30/17:29 13:30/16:29,A32 A32,70,65,-,"BIO_LS, BIOE_LS, BLG_LS, BLGE_LS, CEN_LS, CEV_LS, CEVE_LS, CHZ_LS, CHZE_LS, DEN_LS, DENE_LS, DUI_LS, EEE_LS, EHB_LS, EHBE_LS, ELE_LS, ELH_LS, ELK_LS, ELKE_LS, END_LS, ENDE_LS, FIZ_LS, FIZE_LS, GEM_LS, GEME_LS, GEMK_LS, GEO_LS, GEOE_LS, GID_LS, GIDE_LS, GMI_LS, HTA_LS, HTAE_LS, IBM_LS, IML_LS, IMLE_LS, IND_LS, INS_LS, INSE_LS, ISL_LS, ISLE_LS, JEF_LS, JEFE_LS, JEO_LS, JEOE_LS, KIM_YD, KMM_LS, KMM_YD, KMME_LS, KOM_LS, KOME_LS, MAD_LS, MADE_LS, MAK_LS, MAKE_LS, MAT_LS, MATE_LS, MEN_LS, MET_LS, METE_LS, MTM_LS, MTO_LS, MTOE_LS, NAE_LS, PET_LS, PETE_LS, ROS_LS, ROSE_LS, SECE_LS, TEK_LS, TEK_YD, TEKE_LS, TEL_LS, UCK_LS, UCK_YD, UZB_LS, UZB_YD, UZBE_LS, VBAE_LS",-,-,KIM
30237,KIM 101E,General Chemistry I,Fiziksel (Yüz yüze),Abdullah Aydoğan,MED MED,Pazartesi Çarşamba,08:30/11:59 08:30/11:59,A33 A33,70,70,-,"BIO_LS, BIOE_LS, BLG_LS, BLGE_LS, CEN_LS, CEV_LS, CEVE_LS, CHZ_LS, CHZE_LS, DEN_LS, DENE_LS, DUI_LS, EEE_LS, EHB_LS, EHBE_LS, ELE_LS, ELH_LS, ELK_LS, ELKE_LS, END_LS, ENDE_LS, FIZ_LS, FIZE_LS, GEM_LS, GEME_LS, GEMK_LS, GEO_LS, GEOE_LS, GID_LS, GIDE_LS, GMI_LS, HTA_LS, HTAE_LS, IBM_LS, IML_LS, IMLE_LS, IND_LS, INS_LS, INSE_LS, ISL_LS, ISLE_LS, JEF_LS, JEFE_LS, JEO_LS, JEOE_LS, KIM_YD, KMM_LS, KMM_YD, KMME_LS, KOM_LS, KOME_LS, MAD_LS, MADE_LS, MAK_LS, MAKE_LS, MAT_LS, MATE_LS, MEN_LS, MET_LS, METE_LS, MTM_LS, MTO_LS, MTOE_LS, NAE_LS, PET_LS, PETE_LS, ROS_LS, ROSE_LS, SECE_LS, TEK_LS, TEK_YD, TEKE_LS, TEL_LS, UCK_LS, UCK_YD, UZB_LS, UZB_YD, UZBE_LS, VBAE_LS",-,-,KIM
30238,KIM 101E,General Chemistry I,Fiziksel (Yüz yüze),Muhammet Übeydullah Kahveci,MED MED,Salı Perşembe,13:30/16:59 13:30/16:59,A33 A33,70,49,-,"BIO_LS, BIOE_LS, BLG_LS, BLGE_LS, CEN_LS, CEV_LS, CEVE_LS, CHZ_LS, CHZE_LS, DEN_LS, DENE_LS, DUI_LS, EEE_LS, EHB_LS, EHBE_LS, ELE_LS, ELH_LS, ELK_LS, ELKE_LS, END_LS, ENDE_LS, FIZ_LS, FIZE_LS, GEM_LS, GEME_LS, GEMK_LS, GEO_LS, GEOE_LS, GID_LS, GIDE_LS, GMI_LS, HTA_LS, HTAE_LS, IBM_LS, IML_LS, IMLE_LS, IND_LS, INS_LS, INSE_LS, ISL_LS, ISLE_LS, JEF_LS, JEFE_LS, JEO_LS, JEOE_LS, KIM_YD, KMM_LS, KMM_YD, KMME_LS, KOM_LS, KOME_LS, MAD_LS, MADE_LS, MAK_LS, MAKE_LS, MAT_LS, MATE_LS, MEN_LS, MET_LS, METE_LS, MTM_LS, MTO_LS, MTOE_LS, NAE_LS, PET_LS, PETE_LS, ROS_LS, ROSE_LS, SECE_LS, TEK_LS, TEK_YD, TEKE_LS, TEL_LS, UCK_LS, UCK_YD, UZB_LS, UZB_YD, UZBE_LS, VBAE_LS",-,-,KIM
30239,KIM 101E,General Chemistry I,Fiziksel (Yüz yüze),Abdullah Aydoğan,MED MED,Pazartesi Çarşamba,14:00/17:29 14:00/17:29,A33 A33,80,78,-,"BIO_LS, BIOE_LS, BLG_LS, BLGE_LS, CEN_LS, CEV_LS, CEVE_LS, CHZ_LS, CHZE_LS, DEN_LS, DENE_LS, DUI_LS, EEE_LS, EHB_LS, EHBE_LS, ELE_LS, ELH_LS, ELK_LS, ELKE_LS, END_LS, ENDE_LS, FIZ_LS, FIZE_LS, GEM_LS, GEME_LS, GEMK_LS, GEO_LS, GEOE_LS, GID_LS, GIDE_LS, GMI_LS, HTA_LS, HTAE_LS, IBM_LS, IML_LS, IMLE_LS, IND_LS, INS_LS, INSE_LS, ISL_LS, ISLE_LS, JEF_LS, JEFE_LS, JEO_LS, JEOE_LS, KIM_YD, KMM_LS, KMM_YD, KMME_LS, KOM_LS, KOME_LS, MAD_LS, MADE_LS, MAK_LS, MAKE_LS, MAT_LS, MATE_LS, MEN_LS, MET_LS, METE_LS, MTM_LS, MTO_LS, MTOE_LS, NAE_LS, PET_LS, PETE_LS, ROS_LS, ROSE_LS, SECE_LS, TEK_LS, TEK_YD, TEKE_LS, TEL_LS, UCK_LS, UCK_YD, UZB_LS, UZB_YD, UZBE_LS, VBAE_LS",-,-,KIM
30241,KIM 202E,Physical Chemistry,Fiziksel (Yüz yüze),Erdem Yavuz,FEB FEB,Pazartesi Salı,13:30/16:59 13:30/16:59,D201 D201,50,18,-,"BIO_LS, BIOE_LS, CEV_LS, CEVE_LS, CHZ_LS, CHZE_LS, DEN_LS, DENE_LS, DUI_LS, EHB_LS, EHBE_LS, ELE_LS, ELH_LS, ELK_LS, ELKE_LS, GEM_LS, GEME_LS, GEMK_LS, GID_LS, GMI_LS, INS_LS, INSE_LS, JEF_LS, JEO_LS, JEOE_LS, KIM_YD, KMM_LS, KOM_LS, KOME_LS, MAD_LS, MADE_LS, MEN_LS, MET_LS, METE_LS, PET_LS, PETE_LS, ROS_LS, ROSE_LS, TEL_LS",Detay,-,KIM
30242,KIM 224E,Inorganic Chemistry II,Fiziksel (Yüz yüze),Altuğ Mert Sevim,FEB FEB,Çarşamba Perşembe,08:30/11:59 14:00/17:29,D105 D105,50,18,-,KIM_LS,Detay,-,KIM
30243,KIM 231,Organik Kimya I,Fiziksel (Yüz yüze),Cüneyt Hüseyin Ünlü,FEB FEB,Salı Çarşamba,08:30/13:29 08:30/12:59,D205 D205,50,28,-,KIM_LS,Detay,-,KIM
30342,MAD 446E,Computer Aided Mine Design,Fiziksel (Yüz yüze),Kürşat Hasözdemir,MDB MDB,Çarşamba Perşembe,13:30/16:29 08:30/12:29,-- --,15,16,-,"MAD_LS, MAD_YD, MADE_LS",Detay,-,MAD
30448,MAK 110E,Comput.Aided Technical Drawing,Fiziksel (Yüz yüze),"Adem Candaş , Eren Kalay",MKB MKB,Salı Çarşamba,08:30/13:29 08:30/12:59,406 406,30,13,-,"MAK_LS, MKN_YD_MK",Detay,-,MAK
30414,MAK 201E,Engineering Mathematics,Fiziksel (Yüz yüze),Hakan Öksüzoğlu,MKB MKB MKB,Pazartesi Pazartesi Çarşamba,10:00/12:29 13:30/16:59 14:00/17:29,D317 D317 D317,50,38,-,"IML_LS, MAK_LS",Detay,-,MAK
30423,MAK 205,Mukavemet I,Fiziksel (Yüz yüze),Hacı Abdullah Taşdemir,MKB MKB,Salı Perşembe,13:30/17:29 14:30/17:29,A501 A501,0,0,-,"MAK_LS, MKN_YD_MK",Detay,-,MAK
30426,MAK 205,Mukavemet I,Fiziksel (Yüz yüze),"Adil Yücel , Emin Orhun Baştekeli",MKB MKB,Salı Salı,10:00/12:59 13:30/17:29,D318 D318,80,73,-,"MAK_LS, MKN_YD_MK",Detay,-,MAK
30428,MAK 206,Mukavemet II,Fiziksel (Yüz yüze),"Adil Yücel , Emin Orhun Baştekeli",MKB MKB,Perşembe Perşembe,10:00/12:59 13:30/17:29,D318 D318,100,79,-,"MAK_LS, MKN_YD_MK",Detay,-,MAK
30415,MAK 210E,Engineering Mathematics,Fiziksel (Yüz yüze),Hakan Öksüzoğlu,MKB MKB MKB,Pazartesi Pazartesi Çarşamba,10:00/12:29 13:30/16:59 14:00/17:29,D317 D317 D317,30,11,-,"IML_LS, MAK_LS",Detay,-,MAK
30430,MAK 213,Malzeme Bilimi,Fiziksel (Yüz yüze),Raşid Ahmed Yıldız,MKB MKB MKB,Salı Çarşamba Çarşamba,13:30/15:59 10:00/12:59 13:30/17:29,D355 D355 D355,30,4,-,"IML_LS, MAK_LS",-,-,MAK
30444,MAK 215,Termodinamik I,Fiziksel (Yüz yüze),"Yakup Erhan Böke , Mustafa Özdemir",MKB MKB,Pazartesi Pazartesi,08:30/12:29 14:30/17:29,D368A D368A,30,5,-,"MAK_LS, MKN_YD_MK",Detay,-,MAK
30427,MAK 219,Mukavemet I,Fiziksel (Yüz yüze),"Adil Yücel , Emin Orhun Baştekeli",MKB MKB MKB,Salı Salı Çarşamba,10:00/12:59 13:30/17:29 10:00/12:29,D318 D318 D318,30,4,-,"MAK_LS, MKN_YD_MK",Detay,-,MAK
30429,MAK 220,Mukavemet II,Fiziksel (Yüz yüze),"Adil Yücel , Emin Orhun Baştekeli",MKB MKB MKB,Çarşamba Perşembe Perşembe,13:30/15:59 10:00/12:59 13:30/17:29,D318 D318 D318,30,13,-,"MAK_LS, MKN_YD_MK",Detay,-,MAK
30431,MAK 223,Malzeme Bilimi,Fiziksel (Yüz yüze),Raşid Ahmed Yıldız,MKB MKB MKB,Salı Çarşamba Çarşamba,13:30/15:59 10:00/12:59 13:30/17:29,D355 D355 D355,30,20,-,"IML_LS, MAK_LS",Detay,-,MAK
30446,MAK 226,Termodinamik II,Fiziksel (Yüz yüze),"Yakup Erhan Böke , Mustafa Özdemir",MKB MKB,Salı Salı,09:00/12:59 14:00/16:59,D368A D368A,40,36,-,"MAK_LS, MKN_YD_MK",Detay,-,MAK
30420,MAK 228,Akışkanlar Mekaniği I,Fiziksel (Yüz yüze),"Sertaç Çadırcı , Hasan Güneş",MKB MKB,Çarşamba Çarşamba,09:00/12:59 14:00/16:59,A201 A201,30,25,-,"MAK_LS, MAK_YD",Detay,-,MAK
30421,MAK 229,Akışkanlar Mekaniği II,Fiziksel (Yüz yüze),"Sertaç Çadırcı , Hasan Güneş",MKB MKB,Perşembe Perşembe,14:00/16:59 09:00/12:59,A201 A201,60,54,-,MAK_LS,Detay,-,MAK
30445,MAK 231,Termodinamik I,Fiziksel (Yüz yüze),"Yakup Erhan Böke , Mustafa Özdemir",MKB MKB,Pazartesi Pazartesi,08:30/12:29 14:30/17:29,D368A D368A,45,33,-,"MAK_LS, MKN_YD_MK",Detay,-,MAK
30447,MAK 232,Termodinamik II,Fiziksel (Yüz yüze),"Yakup Erhan Böke , Mustafa Özdemir",MKB MKB,Salı Salı,09:00/12:59 14:00/16:59,D368A D368A,55,45,-,"MAK_LS, MKN_YD_MK",Detay,-,MAK
30418,MAK 234,Akışkanlar Mekaniği I,Fiziksel (Yüz yüze),"Sertaç Çadırcı , Hasan Güneş",MKB MKB,Çarşamba Çarşamba,09:00/12:59 14:00/16:59,A201 A201,60,48,-,"MAK_LS, MAK_YD",Detay,-,MAK
30456,MAK 301,Makina Elemanları I,Fiziksel (Yüz yüze),"İbrahim Mehmet Palabıyık , İsmail Kaya",MKB MKB,Pazartesi Pazartesi,08:30/12:29 13:30/16:29,R362 R362,40,28,-,"MAK_LS, MAK_YD, YAN_YD",Detay,-,MAK
30450,MAK 303,Isı Geçişi,Fiziksel (Yüz yüze),Ali İhsan Koca,MKB MKB MKB,Pazartesi Salı Salı,13:30/14:59 08:30/12:29 13:30/17:29,D353 D353 D353,30,7,-,"MAK_LS, MAK_YD, YAN_YD",Detay,-,MAK
30416,MAK 307,İmal Usulleri,Fiziksel (Yüz yüze),Ali Gökşenli,MKB MKB,Salı Çarşamba,08:30/13:29 08:30/12:59,A363 A363,40,16,-,"MAK_LS, MAK_YD",Detay,-,MAK
30413,MAK 309,Mekanik Titreşimler,Fiziksel (Yüz yüze),Akif Yavuz,MKB MKB,Salı Salı,13:30/17:29 10:30/13:29,D360 D360,30,22,-,"MAK_LS, MAK_YD, MKN_YD_MK",Detay,-,MAK
30425,MAK 310,Makina Teorisi,Fiziksel (Yüz yüze),Akif Yavuz,MKB MKB,Çarşamba Çarşamba,09:30/13:29 14:30/17:29,D360 D360,30,26,-,"MAK_LS, MKN_YD_MK",Detay,-,MAK
30451,MAK 313,Isı Geçişi,Fiziksel (Yüz yüze),Ali İhsan Koca,MKB MKB MKB,Pazartesi Salı Salı,13:30/14:59 08:30/12:29 13:30/17:29,D353 D353 D353,40,38,-,"MAK_LS, MAK_YD, YAN_YD",Detay,-,MAK
30412,MAK 315,Mekanik Titreşimler,Fiziksel (Yüz yüze),Akif Yavuz,MKB MKB,Pazartesi Pazartesi,10:30/13:29 13:30/17:29,D360 D360,50,35,-,"MAK_LS, MAK_YD, MKN_YD_MK",Detay,-,MAK
30424,MAK 324,Makina Teorisi,Fiziksel (Yüz yüze),Akif Yavuz,MKB MKB,Çarşamba Çarşamba,09:30/13:29 14:30/17:29,D360 D360,30,20,-,"MAK_LS, MKN_YD_MK",Detay,-,MAK
30419,MAK 335,Akışkanlar Mekaniği II,Fiziksel (Yüz yüze),"Sertaç Çadırcı , Hasan Güneş",MKB MKB,Perşembe Perşembe,14:00/16:59 09:00/12:59,A201 A201,50,40,-,MAK_LS,Detay,-,MAK
30458,MAK 339,Makina Elemanları I,Fiziksel (Yüz yüze),"İbrahim Mehmet Palabıyık , İsmail Kaya",MKB MKB MKB MKB,Perşembe Perşembe Cuma Cuma,08:30/12:29 13:30/16:29 09:30/12:29 14:30/16:29,R362 R362 R362 R362,30,11,-,"MAK_LS, MAK_YD, YAN_YD",Detay,-,MAK
30417,MAK 353,İmal Usulleri,Fiziksel (Yüz yüze),Ali Gökşenli,MKB MKB,Salı Çarşamba,08:30/13:29 08:30/12:59,A363 A363,40,19,-,"MAK_LS, MAK_YD",Detay,-,MAK
30454,MAL 201,Malzeme Bilimi,Fiziksel (Yüz yüze),Mehtap Arslan Kaba,KMB KMB,Salı Çarşamba,08:30/11:59 08:30/11:59,D302 D302,50,44,-,"GID_LS, KMM_LS",-,-,MAL
30218,MAT 103E,Mathematics I,Fiziksel (Yüz yüze),Burhaneddin İzgi,MED MED MED,Pazartesi Salı Çarşamba,08:30/12:29 08:30/12:29 08:30/12:29,A16 A16 A16,136,132,-,"ARC_LS, BIO_LS, BIOE_LS, BLG_LS, BLGE_LS, CEN_LS, CEV_LS, CEVE_LS, CHZ_LS, DEN_LS, DENE_LS, DUI_LS, DUIE_LS, ECNE_LS, EEE_LS, EFN_LS, EHB_LS, EHB_MTM_LS, EHBE_LS, ELK_LS, ELK_MTM_LS, ELKE_LS, END_LS, ENDE_LS, ENTE_LS, EUT_LS, EUTE_LS, FIZ_LS, GEM_LS, GEME_LS, GEMK_LS, GEO_LS, GEOE_LS, GID_LS, GIDE_LS, GMI_LS, GMIE_LS, HTA_LS, HTAE_LS, IAD_LS, IBM_LS, ICM_LS, IML_LS, IMLE_LS, IND_LS, INS_LS, INSE_LS, ISL_LS, ISLE_LS, JEF_LS, JEO_LS, KIM_LS, KIME_LS, KMM_LS, KMME_LS, KOM_LS, KOME_LS, MAD_LS, MAK_LS, MAKE_LS, MEN_LS, MET_LS, METE_LS, MIM_LS, MIME_LS, MMD_LS, MTM_LS, MTO_LS, NAE_LS, PEM_LS, PEME_LS, PETE_LS, ROS_LS, ROSE_LS, SBP_LS, SBPE_LS, SECE_LS, TEK_LS, TEKE_LS, UCK_LS, UZB_LS, UZBE_LS, VBAE_LS, YZVE_LS",-,-,MAT
30219,MAT 103E,Mathematics I,Fiziksel (Yüz yüze),Burhaneddin İzgi,MED MED MED,Pazartesi Salı Çarşamba,13:00/16:59 13:00/16:59 13:00/16:59,A16 A16 A16,136,131,-,"ARC_LS, BIO_LS, BIOE_LS, BLG_LS, BLGE_LS, CEN_LS, CEV_LS, CEVE_LS, CHZ_LS, DEN_LS, DENE_LS, DUI_LS, DUIE_LS, ECNE_LS, EEE_LS, EFN_LS, EHB_LS, EHB_MTM_LS, EHBE_LS, ELK_LS, ELK_MTM_LS, ELKE_LS, END_LS, ENDE_LS, ENTE_LS, EUT_LS, EUTE_LS, FIZ_LS, GEM_LS, GEME_LS, GEMK_LS, GEO_LS, GEOE_LS, GID_LS, GIDE_LS, GMI_LS, GMIE_LS, HTA_LS, HTAE_LS, IAD_LS, IBM_LS, ICM_LS, IML_LS, IMLE_LS, IND_LS, INS_LS, INSE_LS, ISL_LS, ISLE_LS, JEF_LS, JEO_LS, KIM_LS, KIME_LS, KMM_LS, KMME_LS, KOM_LS, KOME_LS, MAD_LS, MAK_LS, MAKE_LS, MEN_LS, MET_LS, METE_LS, MIM_LS, MIME_LS, MMD_LS, MTM_LS, MTO_LS, NAE_LS, PEM_LS, PEME_LS, PETE_LS, ROS_LS, ROSE_LS, SBP_LS, SBPE_LS, SECE_LS, TEK_LS, TEKE_LS, UCK_LS, UZB_LS, UZBE_LS, VBAE_LS, YZVE_LS",-,-,MAT
30220,MAT 103E,Mathematics I,Fiziksel (Yüz yüze),Nurhan Çolakoğlu,MED MED MED,Pazartesi Salı Çarşamba,08:30/12:29 08:30/12:29 08:30/12:29,A12 A12 A12,136,131,-,"ARC_LS, BIO_LS, BIOE_LS, BLG_LS, BLGE_LS, CEN_LS, CEV_LS, CEVE_LS, CHZ_LS, DEN_LS, DENE_LS, DUI_LS, DUIE_LS, ECNE_LS, EEE_LS, EFN_LS, EHB_LS, EHB_MTM_LS, EHBE_LS, ELK_LS, ELK_MTM_LS, ELKE_LS, END_LS, ENDE_LS, ENTE_LS, EUT_LS, EUTE_LS, FIZ_LS, GEM_LS, GEME_LS, GEMK_LS, GEO_LS, GEOE_LS, GID_LS, GIDE_LS, GMI_LS, GMIE_LS, HTA_LS, HTAE_LS, IAD_LS, IBM_LS, ICM_LS, IML_LS, IMLE_LS, IND_LS, INS_LS, INSE_LS, ISL_LS, ISLE_LS, JEF_LS, JEO_LS, KIM_LS, KIME_LS, KMM_LS, KMME_LS, KOM_LS, KOME_LS, MAD_LS, MAK_LS, MAKE_LS, MEN_LS, MET_LS, METE_LS, MIM_LS, MIME_LS, MMD_LS, MTM_LS, MTO_LS, NAE_LS, PEM_LS, PEME_LS, PETE_LS, ROS_LS, ROSE_LS, SBP_LS, SBPE_LS, SECE_LS, TEK_LS, TEKE_LS, UCK_LS, UZB_LS, UZBE_LS, VBAE_LS, YZVE_LS",-,-,MAT
30221,MAT 103E,Mathematics I,Fiziksel (Yüz yüze),Nurhan Çolakoğlu,MED MED MED,Pazartesi Salı Çarşamba,13:30/17:29 13:30/17:29 13:30/17:29,A12 A12 A12,136,134,-,"ARC_LS, BIO_LS, BIOE_LS, BLG_LS, BLGE_LS, CEN_LS, CEV_LS, CEVE_LS, CHZ_LS, DEN_LS, DENE_LS, DUI_LS, DUIE_LS, ECNE_LS, EEE_LS, EFN_LS, EHB_LS, EHB_MTM_LS, EHBE_LS, ELK_LS, ELK_MTM_LS, ELKE_LS, END_LS, ENDE_LS, ENTE_LS, EUT_LS, EUTE_LS, FIZ_LS, GEM_LS, GEME_LS, GEMK_LS, GEO_LS, GEOE_LS, GID_LS, GIDE_LS, GMI_LS, GMIE_LS, HTA_LS, HTAE_LS, IAD_LS, IBM_LS, ICM_LS, IML_LS, IMLE_LS, IND_LS, INS_LS, INSE_LS, ISL_LS, ISLE_LS, JEF_LS, JEO_LS, KIM_LS, KIME_LS, KMM_LS, KMME_LS, KOM_LS, KOME_LS, MAD_LS, MAK_LS, MAKE_LS, MEN_LS, MET_LS, METE_LS, MIM_LS, MIME_LS, MMD_LS, MTM_LS, MTO_LS, NAE_LS, PEM_LS, PEME_LS, PETE_LS, ROS_LS, ROSE_LS, SBP_LS, SBPE_LS, SECE_LS, TEK_LS, TEKE_LS, UCK_LS, UZB_LS, UZBE_LS, VBAE_LS, YZVE_LS",-,-,MAT
30222,MAT 103E,Mathematics I,Fiziksel (Yüz yüze),Çağatay Altuntaş,MED MED MED,Pazartesi Salı Çarşamba,08:30/12:29 08:30/12:29 08:30/12:29,A13 A13 A13,136,129,-,"ARC_LS, BIO_LS, BIOE_LS, BLG_LS, BLGE_LS, CEN_LS, CEV_LS, CEVE_LS, CHZ_LS, DEN_LS, DENE_LS, DUI_LS, DUIE_LS, ECNE_LS, EEE_LS, EFN_LS, EHB_LS, EHB_MTM_LS, EHBE_LS, ELK_LS, ELK_MTM_LS, ELKE_LS, END_LS, ENDE_LS, ENTE_LS, EUT_LS, EUTE_LS, FIZ_LS, GEM_LS, GEME_LS, GEMK_LS, GEO_LS, GEOE_LS, GID_LS, GIDE_LS, GMI_LS, GMIE_LS, HTA_LS, HTAE_LS, IAD_LS, IBM_LS, ICM_LS, IML_LS, IMLE_LS, IND_LS, INS_LS, INSE_LS, ISL_LS, ISLE_LS, JEF_LS, JEO_LS, KIM_LS, KIME_LS, KMM_LS, KMME_LS, KOM_LS, KOME_LS, MAD_LS, MAK_LS, MAKE_LS, MEN_LS, MET_LS, METE_LS, MIM_LS, MIME_LS, MMD_LS, MTM_LS, MTO_LS, NAE_LS, PEM_LS, PEME_LS, PETE_LS, ROS_LS, ROSE_LS, SBP_LS, SBPE_LS, SECE_LS, TEK_LS, TEKE_LS, UCK_LS, UZB_LS, UZBE_LS, VBAE_LS, YZVE_LS",-,-,MAT
30223,MAT 103E,Mathematics I,Fiziksel (Yüz yüze),Çağatay Altuntaş,MED MED MED,Pazartesi Salı Çarşamba,13:30/17:29 13:30/17:29 13:30/17:29,A13 A13 A13,136,134,-,"ARC_LS, BIO_LS, BIOE_LS, BLG_LS, BLGE_LS, CEN_LS, CEV_LS, CEVE_LS, CHZ_LS, DEN_LS, DENE_LS, DUI_LS, DUIE_LS, ECNE_LS, EEE_LS, EFN_LS, EHB_LS, EHB_MTM_LS, EHBE_LS, ELK_LS, ELK_MTM_LS, ELKE_LS, END_LS, ENDE_LS, ENTE_LS, EUT_LS, EUTE_LS, FIZ_LS, GEM_LS, GEME_LS, GEMK_LS, GEO_LS, GEOE_LS, GID_LS, GIDE_LS, GMI_LS, GMIE_LS, HTA_LS, HTAE_LS, IAD_LS, IBM_LS, ICM_LS, IML_LS, IMLE_LS, IND_LS, INS_LS, INSE_LS, ISL_LS, ISLE_LS, JEF_LS, JEO_LS, KIM_LS, KIME_LS, KMM_LS, KMME_LS, KOM_LS, KOME_LS, MAD_LS, MAK_LS, MAKE_LS, MEN_LS, MET_LS, METE_LS, MIM_LS, MIME_LS, MMD_LS, MTM_LS, MTO_LS, NAE_LS, PEM_LS, PEME_LS, PETE_LS, ROS_LS, ROSE_LS, SBP_LS, SBPE_LS, SECE_LS, TEK_LS, TEKE_LS, UCK_LS, UZB_LS, UZBE_LS, VBAE_LS, YZVE_LS",-,-,MAT
30484,MAT 103E,Mathematics I,Fiziksel (Yüz yüze),Ömer Volkan Cüran,YDY YDY YDY,Pazartesi Salı Çarşamba,08:30/12:29 08:30/12:29 08:30/12:29,176 176 176,120,84,-,"ARC_LS, BIO_LS, BIOE_LS, BLG_LS, BLGE_LS, CEN_LS, CEV_LS, CEVE_LS, CHZ_LS, DEN_LS, DENE_LS, DUI_LS, DUIE_LS, ECNE_LS, EEE_LS, EFN_LS, EHB_LS, EHB_MTM_LS, EHBE_LS, ELK_LS, ELK_MTM_LS, ELKE_LS, END_LS, ENDE_LS, ENTE_LS, EUT_LS, EUTE_LS, FIZ_LS, GEM_LS, GEME_LS, GEMK_LS, GEO_LS, GEOE_LS, GID_LS, GIDE_LS, GMI_LS, GMIE_LS, HTA_LS, HTAE_LS, IAD_LS, IBM_LS, ICM_LS, IML_LS, IMLE_LS, IND_LS, INS_LS, INSE_LS, ISL_LS, ISLE_LS, JEF_LS, JEO_LS, KIM_LS, KIME_LS, KMM_LS, KMME_LS, KOM_LS, KOME_LS, MAD_LS, MAK_LS, MAKE_LS, MEN_LS, MET_LS, METE_LS, MIM_LS, MIME_LS, MMD_LS, MTM_LS, MTO_LS, NAE_LS, PEM_LS, PEME_LS, PETE_LS, ROS_LS, ROSE_LS, SBP_LS, SBPE_LS, SECE_LS, TEK_LS, TEKE_LS, UCK_LS, UZB_LS, UZBE_LS, VBAE_LS, YZVE_LS",-,-,MAT
30485,MAT 103E,Mathematics I,Fiziksel (Yüz yüze),Ömer Volkan Cüran,YDY YDY YDY,Pazartesi Salı Çarşamba,13:30/17:29 13:30/17:29 13:30/17:29,176 176 176,120,116,-,"ARC_LS, BIO_LS, BIOE_LS, BLG_LS, BLGE_LS, CEN_LS, CEV_LS, CEVE_LS, CHZ_LS, DEN_LS, DENE_LS, DUI_LS, DUIE_LS, ECNE_LS, EEE_LS, EFN_LS, EHB_LS, EHB_MTM_LS, EHBE_LS, ELK_LS, ELK_MTM_LS, ELKE_LS, END_LS, ENDE_LS, ENTE_LS, EUT_LS, EUTE_LS, FIZ_LS, GEM_LS, GEME_LS, GEMK_LS, GEO_LS, GEOE_LS, GID_LS, GIDE_LS, GMI_LS, GMIE_LS, HTA_LS, HTAE_LS, IAD_LS, IBM_LS, ICM_LS, IML_LS, IMLE_LS, IND_LS, INS_LS, INSE_LS, ISL_LS, ISLE_LS, JEF_LS, JEO_LS, KIM_LS, KIME_LS, KMM_LS, KMME_LS, KOM_LS, KOME_LS, MAD_LS, MAK_LS, MAKE_LS, MEN_LS, MET_LS, METE_LS, MIM_LS, MIME_LS, MMD_LS, MTM_LS, MTO_LS, NAE_LS, PEM_LS, PEME_LS, PETE_LS, ROS_LS, ROSE_LS, SBP_LS, SBPE_LS, SECE_LS, TEK_LS, TEKE_LS, UCK_LS, UZB_LS, UZBE_LS, VBAE_LS, YZVE_LS",-,-,MAT
30224,MAT 104E,Mathematics II,Fiziksel (Yüz yüze),Füsun Zengin,MED MED MED,Pazartesi Salı Çarşamba,08:30/12:29 08:30/12:29 08:30/12:29,A14 A14 A14,140,134,-,"BIO_LS, BIOE_LS, BLG_LS, BLGE_LS, CEN_LS, CEV_LS, CEVE_LS, CHZ_LS, DEN_LS, DENE_LS, DUI_LS, DUIE_LS, ECNE_LS, EEE_LS, EFN_LS, EHB_LS, EHB_MTM_LS, EHBE_LS, ELK_LS, ELK_MTM_LS, ELKE_LS, END_LS, ENDE_LS, ENTE_LS, EUT_LS, EUTE_LS, FIZ_LS, GEM_LS, GEME_LS, GEMK_LS, GEO_LS, GEOE_LS, GID_LS, GIDE_LS, GMI_LS, GMIE_LS, HTA_LS, HTAE_LS, IBM_LS, ICM_LS, IML_LS, IMLE_LS, IND_LS, INS_LS, INSE_LS, ISL_LS, ISLE_LS, JEF_LS, JEO_LS, KIM_LS, KIME_LS, KMM_LS, KMME_LS, KOM_LS, KOME_LS, MAD_LS, MAK_LS, MAKE_LS, MEN_LS, MET_LS, METE_LS, MIM_LS, MIME_LS, MMD_LS, MTM_LS, MTO_LS, NAE_LS, PEM_LS, PEME_LS, PETE_LS, ROS_LS, ROSE_LS, SBP_LS, SBPE_LS, SECE_LS, TEK_LS, TEKE_LS, UCK_LS, UZB_LS, UZBE_LS, VBAE_LS, YZVE_LS",Detay,-,MAT
30225,MAT 104E,Mathematics II,Fiziksel (Yüz yüze),Füsun Zengin,MED MED MED,Pazartesi Salı Çarşamba,13:30/17:29 13:30/17:29 13:30/17:29,A14 A14 A14,140,138,-,"BIO_LS, BIOE_LS, BLG_LS, BLGE_LS, CEN_LS, CEV_LS, CEVE_LS, CHZ_LS, DEN_LS, DENE_LS, DUI_LS, DUIE_LS, ECNE_LS, EEE_LS, EFN_LS, EHB_LS, EHB_MTM_LS, EHBE_LS, ELK_LS, ELK_MTM_LS, ELKE_LS, END_LS, ENDE_LS, ENTE_LS, EUT_LS, EUTE_LS, FIZ_LS, GEM_LS, GEME_LS, GEMK_LS, GEO_LS, GEOE_LS, GID_LS, GIDE_LS, GMI_LS, GMIE_LS, HTA_LS, HTAE_LS, IBM_LS, ICM_LS, IML_LS, IMLE_LS, IND_LS, INS_LS, INSE_LS, ISL_LS, ISLE_LS, JEF_LS, JEO_LS, KIM_LS, KIME_LS, KMM_LS, KMME_LS, KOM_LS, KOME_LS, MAD_LS, MAK_LS, MAKE_LS, MEN_LS, MET_LS, METE_LS, MIM_LS, MIME_LS, MMD_LS, MTM_LS, MTO_LS, NAE_LS, PEM_LS, PEME_LS, PETE_LS, ROS_LS, ROSE_LS, SBP_LS, SBPE_LS, SECE_LS, TEK_LS, TEKE_LS, UCK_LS, UZB_LS, UZBE_LS, VBAE_LS, YZVE_LS",Detay,-,MAT
30226,MAT 104E,Mathematics II,Fiziksel (Yüz yüze),Sezgin Altay Demirbağ,MED MED MED,Pazartesi Salı Çarşamba,08:30/12:29 08:30/12:29 08:30/12:29,A15 A15 A15,140,134,-,"BIO_LS, BIOE_LS, BLG_LS, BLGE_LS, CEN_LS, CEV_LS, CEVE_LS, CHZ_LS, DEN_LS, DENE_LS, DUI_LS, DUIE_LS, ECNE_LS, EEE_LS, EFN_LS, EHB_LS, EHB_MTM_LS, EHBE_LS, ELK_LS, ELK_MTM_LS, ELKE_LS, END_LS, ENDE_LS, ENTE_LS, EUT_LS, EUTE_LS, FIZ_LS, GEM_LS, GEME_LS, GEMK_LS, GEO_LS, GEOE_LS, GID_LS, GIDE_LS, GMI_LS, GMIE_LS, HTA_LS, HTAE_LS, IBM_LS, ICM_LS, IML_LS, IMLE_LS, IND_LS, INS_LS, INSE_LS, ISL_LS, ISLE_LS, JEF_LS, JEO_LS, KIM_LS, KIME_LS, KMM_LS, KMME_LS, KOM_LS, KOME_LS, MAD_LS, MAK_LS, MAKE_LS, MEN_LS, MET_LS, METE_LS, MIM_LS, MIME_LS, MMD_LS, MTM_LS, MTO_LS, NAE_LS, PEM_LS, PEME_LS, PETE_LS, ROS_LS, ROSE_LS, SBP_LS, SBPE_LS, SECE_LS, TEK_LS, TEKE_LS, UCK_LS, UZB_LS, UZBE_LS, VBAE_LS, YZVE_LS",Detay,-,MAT
30227,MAT 104E,Mathematics II,Fiziksel (Yüz yüze),Sezgin Altay Demirbağ,MED MED MED,Pazartesi Salı Çarşamba,13:30/17:29 13:30/17:29 13:30/17:29,A15 A15 A15,140,130,-,"BIO_LS, BIOE_LS, BLG_LS, BLGE_LS, CEN_LS, CEV_LS, CEVE_LS, CHZ_LS, DEN_LS, DENE_LS, DUI_LS, DUIE_LS, ECNE_LS, EEE_LS, EFN_LS, EHB_LS, EHB_MTM_LS, EHBE_LS, ELK_LS, ELK_MTM_LS, ELKE_LS, END_LS, ENDE_LS, ENTE_LS, EUT_LS, EUTE_LS, FIZ_LS, GEM_LS, GEME_LS, GEMK_LS, GEO_LS, GEOE_LS, GID_LS, GIDE_LS, GMI_LS, GMIE_LS, HTA_LS, HTAE_LS, IBM_LS, ICM_LS, IML_LS, IMLE_LS, IND_LS, INS_LS, INSE_LS, ISL_LS, ISLE_LS, JEF_LS, JEO_LS, KIM_LS, KIME_LS, KMM_LS, KMME_LS, KOM_LS, KOME_LS, MAD_LS, MAK_LS, MAKE_LS, MEN_LS, MET_LS, METE_LS, MIM_LS, MIME_LS, MMD_LS, MTM_LS, MTO_LS, NAE_LS, PEM_LS, PEME_LS, PETE_LS, ROS_LS, ROSE_LS, SBP_LS, SBPE_LS, SECE_LS, TEK_LS, TEKE_LS, UCK_LS, UZB_LS, UZBE_LS, VBAE_LS, YZVE_LS",Detay,-,MAT
30228,MAT 104E,Mathematics II,Fiziksel (Yüz yüze),Mevlüt Tekkoyun,MED MED MED,Pazartesi Salı Çarşamba,08:30/12:29 08:30/12:29 08:30/12:29,A11 A11 A11,160,144,-,"BIO_LS, BIOE_LS, BLG_LS, BLGE_LS, CEN_LS, CEV_LS, CEVE_LS, CHZ_LS, DEN_LS, DENE_LS, DUI_LS, DUIE_LS, ECNE_LS, EEE_LS, EFN_LS, EHB_LS, EHB_MTM_LS, EHBE_LS, ELK_LS, ELK_MTM_LS, ELKE_LS, END_LS, ENDE_LS, ENTE_LS, EUT_LS, EUTE_LS, FIZ_LS, GEM_LS, GEME_LS, GEMK_LS, GEO_LS, GEOE_LS, GID_LS, GIDE_LS, GMI_LS, GMIE_LS, HTA_LS, HTAE_LS, IBM_LS, ICM_LS, IML_LS, IMLE_LS, IND_LS, INS_LS, INSE_LS, ISL_LS, ISLE_LS, JEF_LS, JEO_LS, KIM_LS, KIME_LS, KMM_LS, KMME_LS, KOM_LS, KOME_LS, MAD_LS, MAK_LS, MAKE_LS, MEN_LS, MET_LS, METE_LS, MIM_LS, MIME_LS, MMD_LS, MTM_LS, MTO_LS, NAE_LS, PEM_LS, PEME_LS, PETE_LS, ROS_LS, ROSE_LS, SBP_LS, SBPE_LS, SECE_LS, TEK_LS, TEKE_LS, UCK_LS, UZB_LS, UZBE_LS, VBAE_LS, YZVE_LS",Detay,-,MAT
30229,MAT 104E,Mathematics II,Fiziksel (Yüz yüze),Mevlüt Tekkoyun,MED MED MED,Pazartesi Salı Çarşamba,13:30/17:29 13:30/17:29 13:30/17:29,A11 A11 A11,160,159,-,"BIO_LS, BIOE_LS, BLG_LS, BLGE_LS, CEN_LS, CEV_LS, CEVE_LS, CHZ_LS, DEN_LS, DENE_LS, DUI_LS, DUIE_LS, ECNE_LS, EEE_LS, EFN_LS, EHB_LS, EHB_MTM_LS, EHBE_LS, ELK_LS, ELK_MTM_LS, ELKE_LS, END_LS, ENDE_LS, ENTE_LS, EUT_LS, EUTE_LS, FIZ_LS, GEM_LS, GEME_LS, GEMK_LS, GEO_LS, GEOE_LS, GID_LS, GIDE_LS, GMI_LS, GMIE_LS, HTA_LS, HTAE_LS, IBM_LS, ICM_LS, IML_LS, IMLE_LS, IND_LS, INS_LS, INSE_LS, ISL_LS, ISLE_LS, JEF_LS, JEO_LS, KIM_LS, KIME_LS, KMM_LS, KMME_LS, KOM_LS, KOME_LS, MAD_LS, MAK_LS, MAKE_LS, MEN_LS, MET_LS, METE_LS, MIM_LS, MIME_LS, MMD_LS, MTM_LS, MTO_LS, NAE_LS, PEM_LS, PEME_LS, PETE_LS, ROS_LS, ROSE_LS, SBP_LS, SBPE_LS, SECE_LS, TEK_LS, TEKE_LS, UCK_LS, UZB_LS, UZBE_LS, VBAE_LS, YZVE_LS",Detay,-,MAT
30479,MAT 104E,Mathematics II,Fiziksel (Yüz yüze),Ömer Faruk Beyca,BPB BPB BPB,Pazartesi Salı Çarşamba,13:30/17:29 13:30/17:29 13:30/17:29,-- -- --,30,2,-,IEBE_LS,Detay,-,MAT
30306,MAT 202,Sayısal Yöntemler,Fiziksel (Yüz yüze),Birgül Benli,MDB MDB,Perşembe Perşembe,08:30/11:59 14:00/17:29,A101 A101,50,49,-,"CHZ_LS, CHZ_YD, DEN_LS, MAD_LS",Detay,-,MAT
30341,MAT 210E,Engineering Mathematics,Fiziksel (Yüz yüze),Kürşat Hasözdemir,MDB MDB MDB,Salı Salı Çarşamba,09:30/12:29 13:30/15:59 08:30/12:29,A205 A205 A205,85,94,-,"CHZ_LS, JEF_LS, JEFE_LS, JEO_LS, JEOE_LS, MAD_LS, MADE_LS, PETE_LS",Detay,-,MAT
30434,MAT 210E,Engineering Mathematics,Fiziksel (Yüz yüze),Bayram Barış Kızılsaç,DZB DZB DZB,Salı Salı Çarşamba,08:30/11:29 12:30/16:29 08:30/10:59,-- -- --,85,81,-,"DUI_LS, GMI_LS, MEN_LS, MTM_LS",Detay,-,MAT
30230,MAT 232,Diferansiyel Denklemler,Fiziksel (Yüz yüze),Kamil Oruçoğlu,FEB FEB FEB,Pazartesi Salı Çarşamba,09:00/11:59 09:00/11:59 09:00/12:29,D202 D202 D202,70,49,-,"MAT_LS, MAT_YD",Detay,-,MAT
30231,MAT 234,Kısmi Diferansiyel Denklemler,Fiziksel (Yüz yüze),Kamil Oruçoğlu,FEB FEB,Pazartesi Salı,13:30/16:59 13:30/16:59,D202 D202,70,52,-,"MAT_LS, MAT_YD",Detay,-,MAT
30154,MAT 271E,Probability and Statistics,Fiziksel (Yüz yüze),Mustafa Sait Yazgan,INB INB,Pazartesi Salı,09:30/12:29 13:30/17:29,B101 B101,60,70,-,"BIO_LS, BIOE_LS, BLG_LS, BLGE_LS, CEN_LS, CEV_LS, CEVE_LS, CHZ_LS, DEN_LS, DENE_LS, DUI_LS, DUIE_LS, ECNE_LS, EHB_MTM_LS, ELK_MTM_LS, ENTE_LS, EUT_LS, EUTE_LS, FIZ_LS, GEM_LS, GEME_LS, GEMK_LS, GEO_LS, GEOE_LS, GMI_LS, GMIE_LS, HTA_LS, HTAE_LS, IBM_LS, ICM_LS, IML_LS, IMLE_LS, INS_LS, INSE_LS, ISL_LS, ISLE_LS, JEF_LS, JEO_LS, KIM_LS, KIME_LS, KMM_LS, KMME_LS, MAD_LS, MAK_LS, MAKE_LS, MEN_LS, MET_LS, METE_LS, MIM_LS, MIME_LS, MMD_LS, MTM_LS, MTO_LS, NAE_LS, PEM_LS, PEME_LS, PETE_LS, SBP_LS, SBPE_LS, SECE_LS, TEK_LS, TEKE_LS, UCK_LS, UZB_LS, UZBE_LS, VBAE_LS, YZVE_LS",-,-,MAT
30155,MAT 271E,Probability and Statistics,Fiziksel (Yüz yüze),Mustafa Sait Yazgan,INB INB,Pazartesi Çarşamba,13:30/17:29 09:30/12:29,B101 B101,60,63,-,"BIO_LS, BIOE_LS, BLG_LS, BLGE_LS, CEN_LS, CEV_LS, CEVE_LS, CHZ_LS, DEN_LS, DENE_LS, DUI_LS, DUIE_LS, ECNE_LS, EHB_MTM_LS, ELK_MTM_LS, ENTE_LS, EUT_LS, EUTE_LS, FIZ_LS, GEM_LS, GEME_LS, GEMK_LS, GEO_LS, GEOE_LS, GMI_LS, GMIE_LS, HTA_LS, HTAE_LS, IBM_LS, ICM_LS, IML_LS, IMLE_LS, INS_LS, INSE_LS, ISL_LS, ISLE_LS, JEF_LS, JEO_LS, KIM_LS, KIME_LS, KMM_LS, KMME_LS, MAD_LS, MAK_LS, MAKE_LS, MEN_LS, MET_LS, METE_LS, MIM_LS, MIME_LS, MMD_LS, MTM_LS, MTO_LS, NAE_LS, PEM_LS, PEME_LS, PETE_LS, SBP_LS, SBPE_LS, SECE_LS, TEK_LS, TEKE_LS, UCK_LS, UZB_LS, UZBE_LS, VBAE_LS, YZVE_LS",-,-,MAT
30156,MAT 271E,Probability and Statistics,Fiziksel (Yüz yüze),Mustafa Sait Yazgan,INB INB,Salı Çarşamba,09:30/12:29 13:30/17:29,B101 B101,60,62,-,"BIO_LS, BIOE_LS, BLG_LS, BLGE_LS, CEN_LS, CEV_LS, CEVE_LS, CHZ_LS, DEN_LS, DENE_LS, DUI_LS, DUIE_LS, ECNE_LS, EHB_MTM_LS, ELK_MTM_LS, ENTE_LS, EUT_LS, EUTE_LS, FIZ_LS, GEM_LS, GEME_LS, GEMK_LS, GEO_LS, GEOE_LS, GMI_LS, GMIE_LS, HTA_LS, HTAE_LS, IBM_LS, ICM_LS, IML_LS, IMLE_LS, INS_LS, INSE_LS, ISL_LS, ISLE_LS, JEF_LS, JEO_LS, KIM_LS, KIME_LS, KMM_LS, KMME_LS, MAD_LS, MAK_LS, MAKE_LS, MEN_LS, MET_LS, METE_LS, MIM_LS, MIME_LS, MMD_LS, MTM_LS, MTO_LS, NAE_LS, PEM_LS, PEME_LS, PETE_LS, SBP_LS, SBPE_LS, SECE_LS, TEK_LS, TEKE_LS, UCK_LS, UZB_LS, UZBE_LS, VBAE_LS, YZVE_LS",-,-,MAT
30217,MAT 271E,Probability and Statistics,Fiziksel (Yüz yüze),Halil Bayraktar,FEB FEB,Pazartesi Pazartesi,08:30/11:29 12:30/16:29,D101 D101,28,31,-,"BIO_LS, BIOE_LS, BLG_LS, BLGE_LS, CEN_LS, CEV_LS, CEVE_LS, CHZ_LS, CHZE_LS, DEN_LS, DENE_LS, DUI_LS, DUIE_LS, FIZ_LS, FIZE_LS, GEM_LS, GEME_LS, GMI_LS, GMIE_LS, HTA_LS, HTAE_LS, IBM_LS, ICM_LS, IML_LS, IMLE_LS, INS_LS, INSE_LS, ISL_LS, ISLE_LS, JEF_LS, JEFE_LS, JEO_LS, JEOE_LS, KIM_LS, KIME_LS, KMM_LS, KMME_LS, MAD_LS, MADE_LS, MAK_LS, MAKE_LS, MET_LS, METE_LS, MIM_LS, MIME_LS, MSS_LS, MTO_LS, MTOE_LS, PEM_LS, PEME_LS, PET_LS, PETE_LS, SECE_LS, TEK_LS, TEKE_LS, UCK_LS, UZB_LS, UZBE_LS, YZVE_LS",-,-,MAT
30307,MAT 271E,Probability and Statistics,Fiziksel (Yüz yüze),Halil Bayraktar,FEB FEB,Salı Salı,08:30/11:29 12:30/16:29,D104 D104,28,26,-,"BIO_LS, BIOE_LS, BLG_LS, BLGE_LS, CEN_LS, CEV_LS, CEVE_LS, CHZ_LS, CHZE_LS, DEN_LS, DENE_LS, DUI_LS, DUIE_LS, FIZ_LS, FIZE_LS, GEM_LS, GEME_LS, GMI_LS, GMIE_LS, HTA_LS, HTAE_LS, IBM_LS, ICM_LS, IML_LS, IMLE_LS, INS_LS, INSE_LS, ISL_LS, ISLE_LS, JEF_LS, JEFE_LS, JEO_LS, JEOE_LS, KIM_LS, KIME_LS, KMM_LS, KMME_LS, MAD_LS, MADE_LS, MAK_LS, MAKE_LS, MET_LS, METE_LS, MIM_LS, MIME_LS, MSS_LS, MTO_LS, MTOE_LS, PEM_LS, PEME_LS, PET_LS, PETE_LS, SECE_LS, TEK_LS, TEKE_LS, UCK_LS, UZB_LS, UZBE_LS, YZVE_LS",-,-,MAT
30449,MEK 205,Mühendislik Mekaniği,Fiziksel (Yüz yüze),Hacı Abdullah Taşdemir,MKB MKB,Salı Perşembe,13:30/17:29 14:30/17:29,-- --,40,17,-,"END_LS, GID_LS, GMI_LS, IML_LS, ISL_LS, JEF_LS, JEO_LS, MAD_LS, TEK_LS, TEKE_LS",Detay,-,MEK
30422,MEK 205E,Engineering Mechanics,Fiziksel (Yüz yüze),Hacı Abdullah Taşdemir,MKB MKB,Salı Perşembe,09:30/12:29 09:30/13:29,A501 A501,40,20,-,"CHZE_LS, END_LS, ENDE_LS, GID_LS, GMI_LS, GMIE_LS, IML_LS, IND_LS, ISL_LS, ISLE_LS, JEF_LS, JEFE_LS, JEO_LS, JEOE_LS, MAD_LS, MADE_LS, MEN_LS, PET_LS, PETE_LS, TEK_LS, TEKE_LS",Detay,-,MEK
30255,MIM 346,"Bina, İklim, Enerji İlişkileri",Fiziksel (Yüz yüze),Gülten Manioğlu,MMB MMB,Çarşamba Çarşamba,09:00/12:29 13:30/16:59,136B 136B,12,7,-,MIM_LS,Detay,-,MIM
30345,MTO 102,Bilgisayarlı Teknik Resim,Fiziksel (Yüz yüze),Hüsnü Barbaros Soyer,INB INB,Cuma Cuma,08:30/12:29 14:30/17:29,D104 D104,40,12,-,"IBM_LS, IBM_YD, MTO_LS, MTO_YD",-,-,MTO
30270,MTO 214,Atmosfer Termodinamiği,Fiziksel (Yüz yüze),Kasım Koçak,MEDC MEDC,Pazartesi Salı,12:30/17:29 12:30/16:59,2D12 2D12,30,15,-,"IBM_LS, MTO_LS",-,-,MTO
30276,MTO 301,Meteo.Uzaktan Algılamanın Tem.,Fiziksel (Yüz yüze),Ahmet Öztopal,INB INB,Salı Salı,13:30/16:29 09:30/11:29,D101 D101,20,4,-,"IBM_LS, MTO_LS",-,-,MTO
30480,MTO 303E,Comput.Fluid Dyn.in Meteo.Eng.,Fiziksel (Yüz yüze),Hüseyin Toros,MEDC,Pazartesi,12:30/17:29,2D13,40,22,-,"IBM_LS, MTO_LS",Detay,-,MTO
30271,MTO 311E,Data Analysis,Fiziksel (Yüz yüze),Kasım Koçak,MEDC MEDC MEDC MEDC,Pazartesi Çarşamba Perşembe Perşembe,08:30/11:29 08:30/11:29 08:30/12:29 13:30/15:29,2D12 2D12 2D12 2D12,30,22,-,"IBM_LS, MTO_LS",-,-,MTO
30272,MTO 340,Atmosfer Dinamiği II,Fiziksel (Yüz yüze),Elçin Tan,MEDC MEDC,Salı Çarşamba,13:00/17:29 12:30/17:29,2D11 2D11,35,30,-,"IBM_LS, IBM_YD, MTO_LS, MTO_YD",Detay,-,MTO
30324,MUK 203,Mukavemet I,Fiziksel (Yüz yüze),Oktay Eren Türeyen,MEDC MEDC,Çarşamba Çarşamba,09:30/12:29 13:30/17:29,2D18 2D18,100,17,-,"DEN_LS, GEM_LS, INS_LS",Detay,-,MUK
30325,MUK 204,Mukavemet II,Fiziksel (Yüz yüze),Oktay Eren Türeyen,MEDC MEDC,Perşembe Perşembe,09:30/12:29 13:30/17:29,2D18 2D18,110,104,-,"DEN_LS, GEM_LS, INS_LS",Detay,-,MUK
30279,MUK 211,Mukavemet,Fiziksel (Yüz yüze),Tahir Soyugüzel,MEDC MEDC,Pazartesi Salı,08:30/16:59 08:30/09:29,ZA2 ZA2,30,10,-,UCK_LS,Detay,-,MUK
30280,MUK 211E,Strength of Materials,Fiziksel (Yüz yüze),Tahir Soyugüzel,MEDC MEDC,Salı Perşembe,12:30/13:29 08:30/16:59,ZA2 ZA2,55,62,-,"UCK_LS, UZB_LS, UZBE_LS",Detay,-,MUK
30289,MUZ 302,Müzik Tarihi VI,Fiziksel (Yüz yüze),"Gözde Çolakoğlu Sarı , Serhan Dilhan Yavuz",TMB TMB TMB,Salı Çarşamba Perşembe,13:30/16:29 13:30/15:29 10:30/12:29,-- -- --,5,1,-,MUZ_LS,-,-,MUZ
30288,MUZ 458,İleri Osmanlıca IV,Fiziksel (Yüz yüze),"Gözde Çolakoğlu Sarı , Serhan Dilhan Yavuz",TMB TMB,Salı Çarşamba,10:30/12:29 09:30/12:29,-- --,5,4,-,MUZ_LS,Detay,-,MUZ
30275,MYZ 312,Meteorolojide Makine Öğrenmesi,Fiziksel (Yüz yüze),Ahmet Öztopal,MEDC MEDC,Cuma Cuma,08:30/12:29 14:30/17:29,2D13 2D13,20,6,-,"IBM_LS, MTO_LS",Detay,-,MYZ
30471,PHY 127,Physics,Fiziksel (Yüz yüze),Emre Onur Kahya,FEB FEB,Çarşamba Çarşamba,08:30/11:59 13:30/16:59,D102 D102,20,2,-,SBL_LS,-,-,PHY
30400,SGI 201,Statics,Fiziksel (Yüz yüze),Mustafa Erden Yıldızdağ,MEDC MEDC MEDC,Pazartesi Perşembe Cuma,13:30/14:29 14:30/17:29 14:00/16:59,2D11 2D11 2D11,30,9,-,SGI_LS,-,-,SGI
30407,SGI 216,Heat Transfer In Engineering,Fiziksel (Yüz yüze),Selma Ergin,MEDC MEDC,Pazartesi Perşembe,08:30/12:29 09:00/11:59,2D14 2D14,10,8,-,SGI_LS,-,-,SGI
30354,SNT 102,Fotoğraf,Fiziksel (Yüz yüze),Hulki Korkut İlhan,MMB MMB,Perşembe Perşembe,09:00/12:59 14:00/16:59,FOTOATOLYE FOTOATOLYE,24,24,-,"BIO_LS, BLG_LS, CEV_LS, CHZ_LS, DEN_LS, DUI_LS, EHB_LS, ELE_LS, ELH_LS, ELK_LS, END_LS, ENT_LS, EUT_LS, FIZ_LS, GEM_LS, GEO_LS, GID_LS, GMI_LS, HTA_LS, IBM_LS, ICM_LS, IML_LS, INS_LS, ISL_LS, JEF_LS, JEO_LS, KIM_LS, KMM_LS, KOM_LS, KON_LS, MAD_LS, MAK_LS, MAT_LS, MET_LS, MIM_LS, MTO_LS, PEM_LS, PET_LS, ROS_LS, SAO_OL, SBP_LS, TEK_LS, TEL_LS, UCK_LS, UZB_LS",-,-,SNT
30355,SNT 102,Fotoğraf,Fiziksel (Yüz yüze),Hulki Korkut İlhan,MMB MMB,Cuma Cuma,09:00/12:59 14:00/16:59,FOTOATOLYE FOTOATOLYE,24,26,-,"BIO_LS, BLG_LS, CEV_LS, CHZ_LS, DEN_LS, DUI_LS, EHB_LS, ELE_LS, ELH_LS, ELK_LS, END_LS, ENT_LS, EUT_LS, FIZ_LS, GEM_LS, GEO_LS, GID_LS, GMI_LS, HTA_LS, IBM_LS, ICM_LS, IML_LS, INS_LS, ISL_LS, JEF_LS, JEO_LS, KIM_LS, KMM_LS, KOM_LS, KON_LS, MAD_LS, MAK_LS, MAT_LS, MET_LS, MIM_LS, MTO_LS, PEM_LS, PET_LS, ROS_LS, SAO_OL, SBP_LS, TEK_LS, TEL_LS, UCK_LS, UZB_LS",-,-,SNT
30349,SNT 103,Desen,Fiziksel (Yüz yüze),Ceylan Pınar Genç,MMB MMB,Çarşamba Çarşamba,09:00/12:59 14:00/16:59,217D 217D,23,22,-,"BIO_LS, BLG_LS, CEV_LS, CHZ_LS, DEN_LS, DUI_LS, EHB_LS, ELE_LS, ELH_LS, ELK_LS, END_LS, ENT_LS, EUT_LS, FIZ_LS, GEM_LS, GEO_LS, GID_LS, GMI_LS, HTA_LS, IBM_LS, ICM_LS, IML_LS, INS_LS, ISL_LS, JEF_LS, JEO_LS, KIM_LS, KMM_LS, KOM_LS, KON_LS, MAD_LS, MAK_LS, MAT_LS, MET_LS, MIM_LS, MTO_LS, PEM_LS, PET_LS, ROS_LS, SAO_OL, SBP_LS, TEK_LS, TEL_LS, UCK_LS, UZB_LS",-,-,SNT
30350,SNT 103,Desen,Fiziksel (Yüz yüze),Ceylan Pınar Genç,MMB MMB,Cuma Cuma,09:00/12:59 14:00/16:59,217D 217D,23,22,-,"BIO_LS, BLG_LS, CEV_LS, CHZ_LS, DEN_LS, DUI_LS, EHB_LS, ELE_LS, ELH_LS, ELK_LS, END_LS, ENT_LS, EUT_LS, FIZ_LS, GEM_LS, GEO_LS, GID_LS, GMI_LS, HTA_LS, IBM_LS, ICM_LS, IML_LS, INS_LS, ISL_LS, JEF_LS, JEO_LS, KIM_LS, KMM_LS, KOM_LS, KON_LS, MAD_LS, MAK_LS, MAT_LS, MET_LS, MIM_LS, MTO_LS, PEM_LS, PET_LS, ROS_LS, SAO_OL, SBP_LS, TEK_LS, TEL_LS, UCK_LS, UZB_LS",-,-,SNT
30357,SNT 103,Desen,Fiziksel (Yüz yüze),Mehmet Güler,MMB MMB,Perşembe Perşembe,09:00/12:59 14:00/16:59,227B 227B,24,24,-,"BIO_LS, BLG_LS, CEV_LS, CHZ_LS, DEN_LS, DUI_LS, EHB_LS, ELE_LS, ELH_LS, ELK_LS, END_LS, ENT_LS, EUT_LS, FIZ_LS, GEM_LS, GEO_LS, GID_LS, GMI_LS, HTA_LS, IBM_LS, ICM_LS, IML_LS, INS_LS, ISL_LS, JEF_LS, JEO_LS, KIM_LS, KMM_LS, KOM_LS, KON_LS, MAD_LS, MAK_LS, MAT_LS, MET_LS, MIM_LS, MTO_LS, PEM_LS, PET_LS, ROS_LS, SAO_OL, SBP_LS, TEK_LS, TEL_LS, UCK_LS, UZB_LS",-,-,SNT
30358,SNT 103,Desen,Fiziksel (Yüz yüze),Mehmet Güler,MMB MMB,Cuma Cuma,09:00/12:59 14:00/16:59,227B 227B,24,23,-,"BIO_LS, BLG_LS, CEV_LS, CHZ_LS, DEN_LS, DUI_LS, EHB_LS, ELE_LS, ELH_LS, ELK_LS, END_LS, ENT_LS, EUT_LS, FIZ_LS, GEM_LS, GEO_LS, GID_LS, GMI_LS, HTA_LS, IBM_LS, ICM_LS, IML_LS, INS_LS, ISL_LS, JEF_LS, JEO_LS, KIM_LS, KMM_LS, KOM_LS, KON_LS, MAD_LS, MAK_LS, MAT_LS, MET_LS, MIM_LS, MTO_LS, PEM_LS, PET_LS, ROS_LS, SAO_OL, SBP_LS, TEK_LS, TEL_LS, UCK_LS, UZB_LS",-,-,SNT
30359,SNT 103E,Drawing,Fiziksel (Yüz yüze),Oğuz Haşlakoğlu,MMB MMB,Çarşamba Çarşamba,09:00/12:59 14:00/16:59,227B 227B,22,22,-,"ARC_LS, BIO_LS, BIOE_LS, BLG_LS, BLGE_LS, CEN_LS, CEV_LS, CEVE_LS, CHZ_LS, CHZE_LS, DEN_LS, DENE_LS, DUI_LS, DUIE_LS, ECNE_LS, EEE_LS, EFN_LS, EHB_LS, EHBE_LS, EHS_LS, ELE_LS, ELH_LS, ELK_LS, ELKE_LS, END_LS, ENDE_LS, ENT_LS, ENTE_LS, EUT_LS, EUTE_LS, FIZ_LS, FIZE_LS, GEM_LS, GEME_LS, GEMK_LS, GEO_LS, GEOE_LS, GID_LS, GIDE_LS, GMI_LS, HTA_LS, HTAE_LS, IAD_LS, IBM_LS, ICM_LS, IEBE_LS, IML_LS, IMLE_LS, IND_LS, INS_LS, INSE_LS, ISL_LS, ISLE_LS, JEF_LS, JEFE_LS, JEO_LS, JEOE_LS, KIM_LS, KIME_LS, KMM_LS, KMME_LS, KOM_LS, KOME_LS, KON_LS, MAD_LS, MADE_LS, MAK_LS, MAKE_LS, MAT_LS, MATE_LS, MEN_LS, MET_LS, METE_LS, MIM_LS, MIME_LS, MMD_LS, MSS_LS, MTM_LS, MTO_LS, MTOE_LS, NAE_LS, PEM_LS, PEME_LS, PET_LS, PETE_LS, ROS_LS, ROSE_LS, SAO_OL, SBP_LS, SBPE_LS, SECE_LS, TEK_LS, TEKE_LS, TEL_LS, UCK_LS, UZB_LS, UZBE_LS, VBAE_LS, YZVE_LS",-,-,SNT
30363,SNT 104,Mitoloji ve Sanat,Fiziksel (Yüz yüze),Yasemin Dora,MED MED,Salı Salı,09:00/12:59 14:00/16:59,B32 B32,23,20,-,"BIO_LS, BLG_LS, CEV_LS, CHZ_LS, DEN_LS, DUI_LS, EHB_LS, ELE_LS, ELH_LS, ELK_LS, END_LS, ENT_LS, EUT_LS, FIZ_LS, GEM_LS, GEO_LS, GID_LS, GMI_LS, HTA_LS, IBM_LS, ICM_LS, IML_LS, INS_LS, ISL_LS, JEF_LS, JEO_LS, KIM_LS, KMM_LS, KOM_LS, KON_LS, MAD_LS, MAK_LS, MAT_LS, MET_LS, MIM_LS, MTO_LS, PEM_LS, PET_LS, ROS_LS, SAO_OL, SBP_LS, TEK_LS, TEL_LS, UCK_LS, UZB_LS",-,-,SNT
30360,SNT 105,Sinema Sanatı,Fiziksel (Yüz yüze),Özden İnal,MMB MMB,Çarşamba Çarşamba,09:00/12:59 14:00/16:59,216A 216A,24,21,-,"BIO_LS, BLG_LS, CEV_LS, CHZ_LS, DEN_LS, DUI_LS, EHB_LS, ELE_LS, ELH_LS, ELK_LS, END_LS, ENT_LS, EUT_LS, FIZ_LS, GEM_LS, GEO_LS, GID_LS, GMI_LS, HTA_LS, IBM_LS, ICM_LS, IML_LS, INS_LS, ISL_LS, JEF_LS, JEO_LS, KIM_LS, KMM_LS, KOM_LS, KON_LS, MAD_LS, MAK_LS, MAT_LS, MET_LS, MIM_LS, MTO_LS, PEM_LS, PET_LS, ROS_LS, SAO_OL, SBP_LS, TEK_LS, TEL_LS, UCK_LS, UZB_LS",-,-,SNT
30361,SNT 105,Sinema Sanatı,Fiziksel (Yüz yüze),Özden İnal,MMB MMB,Perşembe Perşembe,09:00/12:59 14:00/16:59,216A 216A,24,24,-,"BIO_LS, BLG_LS, CEV_LS, CHZ_LS, DEN_LS, DUI_LS, EHB_LS, ELE_LS, ELH_LS, ELK_LS, END_LS, ENT_LS, EUT_LS, FIZ_LS, GEM_LS, GEO_LS, GID_LS, GMI_LS, HTA_LS, IBM_LS, ICM_LS, IML_LS, INS_LS, ISL_LS, JEF_LS, JEO_LS, KIM_LS, KMM_LS, KOM_LS, KON_LS, MAD_LS, MAK_LS, MAT_LS, MET_LS, MIM_LS, MTO_LS, PEM_LS, PET_LS, ROS_LS, SAO_OL, SBP_LS, TEK_LS, TEL_LS, UCK_LS, UZB_LS",-,-,SNT
30356,SNT 105E,Film Art,Fiziksel (Yüz yüze),Kağan Demirdöven,MDB MDB,Perşembe Perşembe,09:00/12:59 14:00/16:59,A201 A201,60,60,-,"ARC_LS, BIO_LS, BIOE_LS, BLG_LS, BLGE_LS, CEN_LS, CEV_LS, CEVE_LS, CHZ_LS, CHZE_LS, DEN_LS, DENE_LS, DUI_LS, DUIE_LS, ECNE_LS, EEE_LS, EFN_LS, EHB_LS, EHBE_LS, EHS_LS, ELE_LS, ELH_LS, ELK_LS, ELKE_LS, END_LS, ENDE_LS, ENT_LS, ENTE_LS, EUT_LS, EUTE_LS, FIZ_LS, FIZE_LS, GEM_LS, GEME_LS, GEMK_LS, GEO_LS, GEOE_LS, GID_LS, GIDE_LS, GMI_LS, HTA_LS, HTAE_LS, IAD_LS, IBM_LS, ICM_LS, IEBE_LS, IML_LS, IMLE_LS, IND_LS, INS_LS, INSE_LS, ISL_LS, ISLE_LS, JEF_LS, JEFE_LS, JEO_LS, JEOE_LS, KIM_LS, KIME_LS, KMM_LS, KMME_LS, KOM_LS, KOME_LS, KON_LS, MAD_LS, MADE_LS, MAK_LS, MAKE_LS, MAT_LS, MATE_LS, MEN_LS, MET_LS, METE_LS, MIM_LS, MIME_LS, MMD_LS, MSS_LS, MTM_LS, MTO_LS, MTOE_LS, NAE_LS, PEM_LS, PEME_LS, PET_LS, PETE_LS, ROS_LS, ROSE_LS, SAO_OL, SBP_LS, SBPE_LS, SECE_LS, TEK_LS, TEKE_LS, TEL_LS, UCK_LS, UZB_LS, UZBE_LS, VBAE_LS, YZVE_LS",-,-,SNT
30346,SNT 106,Geleneks. Türk El Sanatları,Fiziksel (Yüz yüze),Ayşe Yivlik Neftçi,MMB MMB,Salı Salı,09:00/12:59 14:00/16:59,217C 217C,26,24,-,"BIO_LS, BLG_LS, CEV_LS, CHZ_LS, DEN_LS, DUI_LS, EHB_LS, ELE_LS, ELH_LS, ELK_LS, END_LS, ENT_LS, EUT_LS, FIZ_LS, GEM_LS, GEO_LS, GID_LS, GMI_LS, HTA_LS, IBM_LS, ICM_LS, IML_LS, INS_LS, ISL_LS, JEF_LS, JEO_LS, KIM_LS, KMM_LS, KOM_LS, KON_LS, MAD_LS, MAK_LS, MAT_LS, MET_LS, MIM_LS, MTO_LS, PEM_LS, PET_LS, ROS_LS, SAO_OL, SBP_LS, TEK_LS, TEL_LS, UCK_LS, UZB_LS",-,-,SNT
30432,SNT 107,İlkçağ Anadolu Uygarlıkları,Fiziksel (Yüz yüze),Ayşe Yivlik Neftçi,MMB MMB,Çarşamba Çarşamba,09:00/12:59 14:00/16:59,217B 217B,26,22,-,"BLG_LS, CEV_LS, CHZ_LS, DEN_LS, DUI_LS, EHB_LS, ELE_LS, ELH_LS, ELK_LS, END_LS, ENT_LS, EUT_LS, FIZ_LS, GEM_LS, GEO_LS, GID_LS, GMI_LS, HTA_LS, IBM_LS, ICM_LS, IML_LS, INS_LS, ISL_LS, JEF_LS, JEO_LS, KIM_LS, KMM_LS, KOM_LS, KON_LS, MAD_LS, MAK_LS, MAT_LS, MET_LS, MIM_LS, MTO_LS, PEM_LS, PET_LS, ROS_LS, SAO_OL, SBP_LS, TEK_LS, TEL_LS, UCK_LS",-,-,SNT
30352,SNT 112,Tiyatro,Fiziksel (Yüz yüze),Gökhan Doğrusoy,MMB MMB,Pazartesi Pazartesi,09:00/12:59 14:00/16:59,213 213,25,25,-,"BIO_LS, BLG_LS, CEV_LS, CHZ_LS, DEN_LS, DUI_LS, EHB_LS, ELE_LS, ELH_LS, ELK_LS, END_LS, ENT_LS, EUT_LS, FIZ_LS, GEM_LS, GEO_LS, GID_LS, GMI_LS, HTA_LS, IBM_LS, ICM_LS, IML_LS, INS_LS, ISL_LS, JEF_LS, JEO_LS, KIM_LS, KMM_LS, KOM_LS, KON_LS, MAD_LS, MAK_LS, MAT_LS, MET_LS, MIM_LS, MTO_LS, PEM_LS, PET_LS, ROS_LS, SAO_OL, SBP_LS, TEK_LS, TEL_LS, UCK_LS, UZB_LS",-,-,SNT
30353,SNT 112,Tiyatro,Fiziksel (Yüz yüze),Gökhan Doğrusoy,MMB MMB,Çarşamba Çarşamba,09:00/12:59 14:00/16:59,213 213,25,23,-,"BIO_LS, BLG_LS, CEV_LS, CHZ_LS, DEN_LS, DUI_LS, EHB_LS, ELE_LS, ELH_LS, ELK_LS, END_LS, ENT_LS, EUT_LS, FIZ_LS, GEM_LS, GEO_LS, GID_LS, GMI_LS, HTA_LS, IBM_LS, ICM_LS, IML_LS, INS_LS, ISL_LS, JEF_LS, JEO_LS, KIM_LS, KMM_LS, KOM_LS, KON_LS, MAD_LS, MAK_LS, MAT_LS, MET_LS, MIM_LS, MTO_LS, PEM_LS, PET_LS, ROS_LS, SAO_OL, SBP_LS, TEK_LS, TEL_LS, UCK_LS, UZB_LS",-,-,SNT
30347,SNT 116,İletişim Sanatı,Fiziksel (Yüz yüze),Cengiz Çevik,MMB MMB,Çarşamba Çarşamba,09:00/12:59 14:00/16:59,217A 217A,24,22,-,"BIO_LS, BLG_LS, CEV_LS, CHZ_LS, DEN_LS, DUI_LS, EHB_LS, ELE_LS, ELH_LS, ELK_LS, END_LS, ENT_LS, EUT_LS, FIZ_LS, GEM_LS, GEO_LS, GID_LS, GMI_LS, HTA_LS, IBM_LS, ICM_LS, IML_LS, INS_LS, ISL_LS, JEF_LS, JEO_LS, KIM_LS, KMM_LS, KOM_LS, KON_LS, MAD_LS, MAK_LS, MAT_LS, MET_LS, MIM_LS, MTO_LS, PEM_LS, PET_LS, ROS_LS, SAO_OL, SBP_LS, TEK_LS, TEL_LS, UCK_LS, UZB_LS",-,-,SNT
30348,SNT 116,İletişim Sanatı,Fiziksel (Yüz yüze),Cengiz Çevik,MMB MMB,Perşembe Perşembe,09:00/12:59 14:00/16:59,217A 217A,24,23,-,"BIO_LS, BLG_LS, CEV_LS, CHZ_LS, DEN_LS, DUI_LS, EHB_LS, ELE_LS, ELH_LS, ELK_LS, END_LS, ENT_LS, EUT_LS, FIZ_LS, GEM_LS, GEO_LS, GID_LS, GMI_LS, HTA_LS, IBM_LS, ICM_LS, IML_LS, INS_LS, ISL_LS, JEF_LS, JEO_LS, KIM_LS, KMM_LS, KOM_LS, KON_LS, MAD_LS, MAK_LS, MAT_LS, MET_LS, MIM_LS, MTO_LS, PEM_LS, PET_LS, ROS_LS, SAO_OL, SBP_LS, TEK_LS, TEL_LS, UCK_LS, UZB_LS",-,-,SNT
30362,SNT 211E,"Istanbul:Hist.,Art and Society",Fiziksel (Yüz yüze),Pınar Erkan Bursa,MKB MKB,Cuma Cuma,09:00/12:59 14:00/16:59,D452 D452,35,35,-,"ARC_LS, BIO_LS, BIOE_LS, BLG_LS, BLGE_LS, CEN_LS, CEV_LS, CEVE_LS, CHZ_LS, CHZE_LS, DEN_LS, DENE_LS, DUI_LS, DUIE_LS, ECNE_LS, EEE_LS, EFN_LS, EHB_LS, EHBE_LS, EHS_LS, ELE_LS, ELH_LS, ELK_LS, ELKE_LS, END_LS, ENDE_LS, ENT_LS, ENTE_LS, EUT_LS, EUTE_LS, FIZ_LS, FIZE_LS, GEM_LS, GEME_LS, GEMK_LS, GEO_LS, GEOE_LS, GID_LS, GIDE_LS, GMI_LS, HTA_LS, HTAE_LS, IAD_LS, IBM_LS, ICM_LS, IEBE_LS, IML_LS, IMLE_LS, IND_LS, INS_LS, INSE_LS, ISL_LS, ISLE_LS, JEF_LS, JEFE_LS, JEO_LS, JEOE_LS, KIM_LS, KIME_LS, KMM_LS, KMME_LS, KOM_LS, KOME_LS, KON_LS, MAD_LS, MADE_LS, MAK_LS, MAKE_LS, MAT_LS, MATE_LS, MEN_LS, MET_LS, METE_LS, MIM_LS, MIME_LS, MMD_LS, MSS_LS, MTM_LS, MTO_LS, MTOE_LS, NAE_LS, PEM_LS, PEME_LS, PET_LS, PETE_LS, ROS_LS, ROSE_LS, SAO_OL, SBP_LS, SBPE_LS, SECE_LS, TEK_LS, TEKE_LS, TEL_LS, UCK_LS, UZB_LS, UZBE_LS, VBAE_LS, YZVE_LS",-,-,SNT
30351,SNT 212,"Sanat,Kültür ve Toplum",Fiziksel (Yüz yüze),Gizem Mater,MMB MMB,Salı Salı,09:00/12:59 14:00/16:59,217D 217D,23,21,-,"BIO_LS, BLG_LS, CEV_LS, CHZ_LS, DEN_LS, DUI_LS, EHB_LS, ELE_LS, ELH_LS, ELK_LS, END_LS, ENT_LS, EUT_LS, FIZ_LS, GEM_LS, GEO_LS, GID_LS, GMI_LS, HTA_LS, IBM_LS, ICM_LS, IML_LS, INS_LS, ISL_LS, JEF_LS, JEO_LS, KIM_LS, KMM_LS, KOM_LS, KON_LS, MAD_LS, MAK_LS, MAT_LS, MET_LS, MIM_LS, MTO_LS, PEM_LS, PET_LS, ROS_LS, SAO_OL, SBP_LS, TEK_LS, TEL_LS, UCK_LS, UZB_LS",-,-,SNT
30304,TER 201,Termodinamik,Fiziksel (Yüz yüze),Birgül Benli,MDB MDB,Çarşamba Çarşamba,08:30/11:59 14:00/17:29,A101 A101,50,31,-,"CHZ_LS, DEN_LS, EHB_LS, ISL_LS, JEO_LS, KOM_LS, KON_LS",Detay,-,TER
30322,TER 201,Termodinamik,Fiziksel (Yüz yüze),Halil Saraçoğlu,MEDC,Pazartesi,09:30/16:29,2D15,35,33,-,"CEV_LS, CHZ_LS, DEN_LS, END_LS, GMI_LS, ISL_LS, JEF_LS, JEO_LS, KIM_LS, KOM_LS, PET_LS, TEK_LS, UCK_LS, UZB_LS",Detay,-,TER
30323,TER 201E,Thermodynamics,Fiziksel (Yüz yüze),Halil Saraçoğlu,MEDC,Salı,09:30/16:29,3D20,45,47,-,"CEVE_LS, CHZE_LS, DENE_LS, ENDE_LS, ISLE_LS, JEFE_LS, JEOE_LS, KIME_LS, KOME_LS, PETE_LS, TEKE_LS, UZBE_LS",Detay,-,TER
30489,TES 122E,Vis.CommII:Visualization&Persp,Fiziksel (Yüz yüze),Sema Alaçam,MMB MMB MMB,Salı Perşembe Perşembe,09:00/11:59 09:00/11:59 13:30/16:59,-- -- --,15,5,-,"EUT_LS, ICM_LS, MIM_LS, MIME_LS, PEM_LS, SBP_LS, SBPE_LS",Detay,-,TES
30452,THO 110,Oyun Ritim Bilgisi II,Fiziksel (Yüz yüze),Eyüp Uzunkaya,TMB TMB,Çarşamba Perşembe,14:30/17:29 08:30/10:29,-- --,10,6,-,THO_LS,Detay,-,THO
30290,THO 205,Oyunda Yöresel Tavırlar I,Fiziksel (Yüz yüze),Eyüp Uzunkaya,TMB TMB TMB TMB,Pazartesi Salı Çarşamba Perşembe,09:30/12:29 13:30/16:29 10:30/12:29 10:30/11:59,-- -- -- --,10,10,-,THO_LS,-,-,THO
30294,THO 311,Oyun Analizi I,Fiziksel (Yüz yüze),Eyüp Uzunkaya,TMB TMB TMB,Pazartesi Salı Çarşamba,13:30/16:29 09:30/12:29 13:30/14:29,-- -- --,8,6,-,THO_LS,-,-,THO
30292,THO 313,Koreoloji I,Fiziksel (Yüz yüze),Eyüp Uzunkaya,TMB TMB TMB TMB,Çarşamba Perşembe Cuma Cuma,08:30/10:29 13:30/16:29 09:30/12:29 14:00/15:29,-- -- -- --,10,9,-,THO_LS,-,-,THO
30291,THO 317,Sahne Projesi I (Kredisiz),Fiziksel (Yüz yüze),İlknur Bektaş,TMB TMB TMB TMB,Pazartesi Salı Çarşamba Perşembe,09:30/12:29 13:30/16:29 10:30/12:29 10:30/11:59,-- -- -- --,8,4,-,THO_LS,-,-,THO
30293,THO 411,Geleneksel Giyim Kuşam I,Fiziksel (Yüz yüze),İlknur Bektaş,TMB TMB,Pazartesi Salı,13:30/16:29 10:30/12:29,-- --,8,5,-,THO_LS,-,-,THO
30486,TUR 102,Türk Dili II,Sanal (Çevrimiçi/Online),Abdullah Esen,MED,Cuma,08:00/12:59,--,15,4,-,"AIN_LS, EHN_LS, MBI_LS, MSS_LS, SBL_LS, SDU_LS, SED_LS, SEK_LS, SEN_LS, SGI_LS, SGM_LS, SIN_LS, SIS_LS, SMT_LS, STP_LS",-,-,TUR
30310,TUR 121,Türk Dili I,Sanal (Çevrimiçi/Online),Hasan Ulucutsoy,MED MED,Çarşamba Perşembe,09:30/11:59 09:30/11:59,-- --,75,70,-,"ARC_LS, BIO_LS, BIOE_LS, BLG_LS, BLGE_LS, BST_LS, CAB_3T_LS, CAB_4T_LS, CAB_BG_LS, CAB_DL_LS, CAB_DS_LS, CAB_KA_LS, CAB_KE_LS, CAB_KL_LS, CAB_KM_LS, CAB_KO_LS, CAB_LS, CAB_ME_LS, CAB_NE_LS, CAB_TA_LS, CAB_TN_LS, CAB_UD_LS, CAB_VC_LS, CAB_VI_LS, CAB_VS_LS, CEB_LS, CEN_LS, CEV_LS, CEVE_LS, CHZ_LS, CHZE_LS, DEN_LS, DENE_LS, ECNE_LS, EEE_LS, EFN_LS, EHB_LS, EHBE_LS, ELE_LS, ELH_LS, ELK_LS, ELKE_LS, END_LS, ENDE_LS, ENTE_LS, ESS_LS, EUT_LS, EUTE_LS, FIZ_LS, FIZE_LS, GEM_LS, GEME_LS, GEMK_LS, GEO_LS, GEOE_LS, GID_LS, GIDE_LS, HTA_LS, HTAE_LS, IAD_LS, IBM_LS, ICM_LS, IML_LS, IMLE_LS, IND_LS, INS_LS, INSE_LS, ISL_LS, ISLE_LS, JEF_LS, JEFE_LS, JEO_LS, JEOE_LS, KIM_LS, KIME_LS, KMM_LS, KMME_LS, KMP_LS, KOM_LS, KOME_LS, MAD_LS, MADE_LS, MAK_LS, MAKE_LS, MAT_LS, MATE_LS, MEN_LS, MET_LS, METE_LS, MIM_LS, MIME_LS, MMD_LS, MTM_LS, MTO_LS, MTOE_LS, MTR_LS, MUT_LS, MUZ_LS, MUZE_LS, MZT_LS, NAE_LS, PEM_LS, PEME_LS, PET_LS, PETE_LS, ROS_LS, ROSE_LS, SAO_OL, SBP_LS, SBPE_LS, SECE_LS, SES_LS, SES_TH_LS, SES_TS_LS, STP_LS, TEK_LS, TEKE_LS, TEL_LS, THO_LS, UCK_LS, UZB_LS, UZBE_LS, VBAE_LS, YZVE_LS",-,-,TUR
30311,TUR 121,Türk Dili I,Sanal (Çevrimiçi/Online),Hasan Ulucutsoy,MED MED,Çarşamba Perşembe,12:30/14:59 12:30/14:59,-- --,75,69,-,"ARC_LS, BIO_LS, BIOE_LS, BLG_LS, BLGE_LS, BST_LS, CAB_3T_LS, CAB_4T_LS, CAB_BG_LS, CAB_DL_LS, CAB_DS_LS, CAB_KA_LS, CAB_KE_LS, CAB_KL_LS, CAB_KM_LS, CAB_KO_LS, CAB_LS, CAB_ME_LS, CAB_NE_LS, CAB_TA_LS, CAB_TN_LS, CAB_UD_LS, CAB_VC_LS, CAB_VI_LS, CAB_VS_LS, CEB_LS, CEN_LS, CEV_LS, CEVE_LS, CHZ_LS, CHZE_LS, DEN_LS, DENE_LS, ECNE_LS, EEE_LS, EFN_LS, EHB_LS, EHBE_LS, ELE_LS, ELH_LS, ELK_LS, ELKE_LS, END_LS, ENDE_LS, ENTE_LS, ESS_LS, EUT_LS, EUTE_LS, FIZ_LS, FIZE_LS, GEM_LS, GEME_LS, GEMK_LS, GEO_LS, GEOE_LS, GID_LS, GIDE_LS, HTA_LS, HTAE_LS, IAD_LS, IBM_LS, ICM_LS, IML_LS, IMLE_LS, IND_LS, INS_LS, INSE_LS, ISL_LS, ISLE_LS, JEF_LS, JEFE_LS, JEO_LS, JEOE_LS, KIM_LS, KIME_LS, KMM_LS, KMME_LS, KMP_LS, KOM_LS, KOME_LS, MAD_LS, MADE_LS, MAK_LS, MAKE_LS, MAT_LS, MATE_LS, MEN_LS, MET_LS, METE_LS, MIM_LS, MIME_LS, MMD_LS, MTM_LS, MTO_LS, MTOE_LS, MTR_LS, MUT_LS, MUZ_LS, MUZE_LS, MZT_LS, NAE_LS, PEM_LS, PEME_LS, PET_LS, PETE_LS, ROS_LS, ROSE_LS, SAO_OL, SBP_LS, SBPE_LS, SECE_LS, SES_LS, SES_TH_LS, SES_TS_LS, STP_LS, TEK_LS, TEKE_LS, TEL_LS, THO_LS, UCK_LS, UZB_LS, UZBE_LS, VBAE_LS, YZVE_LS",-,-,TUR
30314,TUR 121,Türk Dili I,Fiziksel (Yüz yüze),Timur Aydın,MED MED,Pazartesi Salı,09:30/11:59 09:30/11:59,B33 B33,50,43,-,"ARC_LS, BIO_LS, BIOE_LS, BLG_LS, BLGE_LS, BST_LS, CAB_3T_LS, CAB_4T_LS, CAB_BG_LS, CAB_DL_LS, CAB_DS_LS, CAB_KA_LS, CAB_KE_LS, CAB_KL_LS, CAB_KM_LS, CAB_KO_LS, CAB_LS, CAB_ME_LS, CAB_NE_LS, CAB_TA_LS, CAB_TN_LS, CAB_UD_LS, CAB_VC_LS, CAB_VI_LS, CAB_VS_LS, CEB_LS, CEN_LS, CEV_LS, CEVE_LS, CHZ_LS, CHZE_LS, DEN_LS, DENE_LS, ECNE_LS, EEE_LS, EFN_LS, EHB_LS, EHBE_LS, ELE_LS, ELH_LS, ELK_LS, ELKE_LS, END_LS, ENDE_LS, ENTE_LS, ESS_LS, EUT_LS, EUTE_LS, FIZ_LS, FIZE_LS, GEM_LS, GEME_LS, GEMK_LS, GEO_LS, GEOE_LS, GID_LS, GIDE_LS, HTA_LS, HTAE_LS, IAD_LS, IBM_LS, ICM_LS, IML_LS, IMLE_LS, IND_LS, INS_LS, INSE_LS, ISL_LS, ISLE_LS, JEF_LS, JEFE_LS, JEO_LS, JEOE_LS, KIM_LS, KIME_LS, KMM_LS, KMME_LS, KMP_LS, KOM_LS, KOME_LS, MAD_LS, MADE_LS, MAK_LS, MAKE_LS, MAT_LS, MATE_LS, MEN_LS, MET_LS, METE_LS, MIM_LS, MIME_LS, MMD_LS, MTM_LS, MTO_LS, MTOE_LS, MTR_LS, MUT_LS, MUZ_LS, MUZE_LS, MZT_LS, NAE_LS, PEM_LS, PEME_LS, PET_LS, PETE_LS, ROS_LS, ROSE_LS, SAO_OL, SBP_LS, SBPE_LS, SECE_LS, SES_LS, SES_TH_LS, SES_TS_LS, STP_LS, TEK_LS, TEKE_LS, TEL_LS, THO_LS, UCK_LS, UZB_LS, UZBE_LS, VBAE_LS, YZVE_LS",-,-,TUR
30315,TUR 121,Türk Dili I,Fiziksel (Yüz yüze),Timur Aydın,MED MED,Pazartesi Salı,12:30/14:59 12:30/14:59,B33 B33,50,25,-,"ARC_LS, BIO_LS, BIOE_LS, BLG_LS, BLGE_LS, BST_LS, CAB_3T_LS, CAB_4T_LS, CAB_BG_LS, CAB_DL_LS, CAB_DS_LS, CAB_KA_LS, CAB_KE_LS, CAB_KL_LS, CAB_KM_LS, CAB_KO_LS, CAB_LS, CAB_ME_LS, CAB_NE_LS, CAB_TA_LS, CAB_TN_LS, CAB_UD_LS, CAB_VC_LS, CAB_VI_LS, CAB_VS_LS, CEB_LS, CEN_LS, CEV_LS, CEVE_LS, CHZ_LS, CHZE_LS, DEN_LS, DENE_LS, ECNE_LS, EEE_LS, EFN_LS, EHB_LS, EHBE_LS, ELE_LS, ELH_LS, ELK_LS, ELKE_LS, END_LS, ENDE_LS, ENTE_LS, ESS_LS, EUT_LS, EUTE_LS, FIZ_LS, FIZE_LS, GEM_LS, GEME_LS, GEMK_LS, GEO_LS, GEOE_LS, GID_LS, GIDE_LS, HTA_LS, HTAE_LS, IAD_LS, IBM_LS, ICM_LS, IML_LS, IMLE_LS, IND_LS, INS_LS, INSE_LS, ISL_LS, ISLE_LS, JEF_LS, JEFE_LS, JEO_LS, JEOE_LS, KIM_LS, KIME_LS, KMM_LS, KMME_LS, KMP_LS, KOM_LS, KOME_LS, MAD_LS, MADE_LS, MAK_LS, MAKE_LS, MAT_LS, MATE_LS, MEN_LS, MET_LS, METE_LS, MIM_LS, MIME_LS, MMD_LS, MTM_LS, MTO_LS, MTOE_LS, MTR_LS, MUT_LS, MUZ_LS, MUZE_LS, MZT_LS, NAE_LS, PEM_LS, PEME_LS, PET_LS, PETE_LS, ROS_LS, ROSE_LS, SAO_OL, SBP_LS, SBPE_LS, SECE_LS, SES_LS, SES_TH_LS, SES_TS_LS, STP_LS, TEK_LS, TEKE_LS, TEL_LS, THO_LS, UCK_LS, UZB_LS, UZBE_LS, VBAE_LS, YZVE_LS",-,-,TUR
30316,TUR 121,Türk Dili I,Fiziksel (Yüz yüze),Timur Aydın,MED MED,Pazartesi Salı,15:00/17:29 15:00/17:29,B33 B33,50,39,-,"ARC_LS, BIO_LS, BIOE_LS, BLG_LS, BLGE_LS, BST_LS, CAB_3T_LS, CAB_4T_LS, CAB_BG_LS, CAB_DL_LS, CAB_DS_LS, CAB_KA_LS, CAB_KE_LS, CAB_KL_LS, CAB_KM_LS, CAB_KO_LS, CAB_LS, CAB_ME_LS, CAB_NE_LS, CAB_TA_LS, CAB_TN_LS, CAB_UD_LS, CAB_VC_LS, CAB_VI_LS, CAB_VS_LS, CEB_LS, CEN_LS, CEV_LS, CEVE_LS, CHZ_LS, CHZE_LS, DEN_LS, DENE_LS, ECNE_LS, EEE_LS, EFN_LS, EHB_LS, EHBE_LS, ELE_LS, ELH_LS, ELK_LS, ELKE_LS, END_LS, ENDE_LS, ENTE_LS, ESS_LS, EUT_LS, EUTE_LS, FIZ_LS, FIZE_LS, GEM_LS, GEME_LS, GEMK_LS, GEO_LS, GEOE_LS, GID_LS, GIDE_LS, HTA_LS, HTAE_LS, IAD_LS, IBM_LS, ICM_LS, IML_LS, IMLE_LS, IND_LS, INS_LS, INSE_LS, ISL_LS, ISLE_LS, JEF_LS, JEFE_LS, JEO_LS, JEOE_LS, KIM_LS, KIME_LS, KMM_LS, KMME_LS, KMP_LS, KOM_LS, KOME_LS, MAD_LS, MADE_LS, MAK_LS, MAKE_LS, MAT_LS, MATE_LS, MEN_LS, MET_LS, METE_LS, MIM_LS, MIME_LS, MMD_LS, MTM_LS, MTO_LS, MTOE_LS, MTR_LS, MUT_LS, MUZ_LS, MUZE_LS, MZT_LS, NAE_LS, PEM_LS, PEME_LS, PET_LS, PETE_LS, ROS_LS, ROSE_LS, SAO_OL, SBP_LS, SBPE_LS, SECE_LS, SES_LS, SES_TH_LS, SES_TS_LS, STP_LS, TEK_LS, TEKE_LS, TEL_LS, THO_LS, UCK_LS, UZB_LS, UZBE_LS, VBAE_LS, YZVE_LS",-,-,TUR
30312,TUR 122,Türk Dili II,Sanal (Çevrimiçi/Online),Hasan Ulucutsoy,MED MED,Pazartesi Salı,09:30/11:59 09:30/11:59,-- --,75,68,-,"ARC_LS, BIO_LS, BIOE_LS, BLG_LS, BLGE_LS, BST_LS, CAB_3T_LS, CAB_4T_LS, CAB_BG_LS, CAB_DL_LS, CAB_DS_LS, CAB_KA_LS, CAB_KE_LS, CAB_KL_LS, CAB_KM_LS, CAB_KO_LS, CAB_LS, CAB_ME_LS, CAB_NE_LS, CAB_TA_LS, CAB_TN_LS, CAB_UD_LS, CAB_VC_LS, CAB_VI_LS, CAB_VS_LS, CEB_LS, CEN_LS, CEV_LS, CEVE_LS, CHZ_LS, CHZE_LS, DEN_LS, DENE_LS, ECNE_LS, EEE_LS, EFN_LS, EHB_LS, EHBE_LS, ELE_LS, ELH_LS, ELK_LS, ELKE_LS, END_LS, ENDE_LS, ENTE_LS, ESS_LS, EUT_LS, EUTE_LS, FIZ_LS, FIZE_LS, GEM_LS, GEME_LS, GEMK_LS, GEO_LS, GEOE_LS, GID_LS, GIDE_LS, HTA_LS, HTAE_LS, IAD_LS, IBM_LS, ICM_LS, IML_LS, IMLE_LS, IND_LS, INS_LS, INSE_LS, ISL_LS, ISLE_LS, JEF_LS, JEFE_LS, JEO_LS, JEOE_LS, KIM_LS, KIME_LS, KMM_LS, KMME_LS, KMP_LS, KOM_LS, KOME_LS, MAD_LS, MADE_LS, MAK_LS, MAKE_LS, MAT_LS, MATE_LS, MEN_LS, MET_LS, METE_LS, MIM_LS, MIME_LS, MMD_LS, MTM_LS, MTO_LS, MTOE_LS, MTR_LS, MUT_LS, MUZ_LS, MUZE_LS, MZT_LS, NAE_LS, PEM_LS, PEME_LS, PET_LS, PETE_LS, ROS_LS, ROSE_LS, SAO_OL, SBP_LS, SBPE_LS, SECE_LS, SES_LS, SES_TH_LS, SES_TS_LS, STP_LS, TEK_LS, TEKE_LS, TEL_LS, THO_LS, UCK_LS, UZB_LS, UZBE_LS, VBAE_LS, YZVE_LS",-,-,TUR
30313,TUR 122,Türk Dili II,Sanal (Çevrimiçi/Online),Hasan Ulucutsoy,MED MED,Pazartesi Salı,12:30/14:59 12:30/14:59,-- --,75,68,-,"ARC_LS, BIO_LS, BIOE_LS, BLG_LS, BLGE_LS, BST_LS, CAB_3T_LS, CAB_4T_LS, CAB_BG_LS, CAB_DL_LS, CAB_DS_LS, CAB_KA_LS, CAB_KE_LS, CAB_KL_LS, CAB_KM_LS, CAB_KO_LS, CAB_LS, CAB_ME_LS, CAB_NE_LS, CAB_TA_LS, CAB_TN_LS, CAB_UD_LS, CAB_VC_LS, CAB_VI_LS, CAB_VS_LS, CEB_LS, CEN_LS, CEV_LS, CEVE_LS, CHZ_LS, CHZE_LS, DEN_LS, DENE_LS, ECNE_LS, EEE_LS, EFN_LS, EHB_LS, EHBE_LS, ELE_LS, ELH_LS, ELK_LS, ELKE_LS, END_LS, ENDE_LS, ENTE_LS, ESS_LS, EUT_LS, EUTE_LS, FIZ_LS, FIZE_LS, GEM_LS, GEME_LS, GEMK_LS, GEO_LS, GEOE_LS, GID_LS, GIDE_LS, HTA_LS, HTAE_LS, IAD_LS, IBM_LS, ICM_LS, IML_LS, IMLE_LS, IND_LS, INS_LS, INSE_LS, ISL_LS, ISLE_LS, JEF_LS, JEFE_LS, JEO_LS, JEOE_LS, KIM_LS, KIME_LS, KMM_LS, KMME_LS, KMP_LS, KOM_LS, KOME_LS, MAD_LS, MADE_LS, MAK_LS, MAKE_LS, MAT_LS, MATE_LS, MEN_LS, MET_LS, METE_LS, MIM_LS, MIME_LS, MMD_LS, MTM_LS, MTO_LS, MTOE_LS, MTR_LS, MUT_LS, MUZ_LS, MUZE_LS, MZT_LS, NAE_LS, PEM_LS, PEME_LS, PET_LS, PETE_LS, ROS_LS, ROSE_LS, SAO_OL, SBP_LS, SBPE_LS, SECE_LS, SES_LS, SES_TH_LS, SES_TS_LS, STP_LS, TEK_LS, TEKE_LS, TEL_LS, THO_LS, UCK_LS, UZB_LS, UZBE_LS, VBAE_LS, YZVE_LS",-,-,TUR
30317,TUR 122,Türk Dili II,Fiziksel (Yüz yüze),Timur Aydın,MED MED,Perşembe Cuma,09:30/11:59 09:30/11:59,B33 B33,50,36,-,"ARC_LS, BIO_LS, BIOE_LS, BLG_LS, BLGE_LS, BST_LS, CAB_3T_LS, CAB_4T_LS, CAB_BG_LS, CAB_DL_LS, CAB_DS_LS, CAB_KA_LS, CAB_KE_LS, CAB_KL_LS, CAB_KM_LS, CAB_KO_LS, CAB_LS, CAB_ME_LS, CAB_NE_LS, CAB_TA_LS, CAB_TN_LS, CAB_UD_LS, CAB_VC_LS, CAB_VI_LS, CAB_VS_LS, CEB_LS, CEN_LS, CEV_LS, CEVE_LS, CHZ_LS, CHZE_LS, DEN_LS, DENE_LS, ECNE_LS, EEE_LS, EFN_LS, EHB_LS, EHBE_LS, ELE_LS, ELH_LS, ELK_LS, ELKE_LS, END_LS, ENDE_LS, ENTE_LS, ESS_LS, EUT_LS, EUTE_LS, FIZ_LS, FIZE_LS, GEM_LS, GEME_LS, GEMK_LS, GEO_LS, GEOE_LS, GID_LS, GIDE_LS, HTA_LS, HTAE_LS, IAD_LS, IBM_LS, ICM_LS, IML_LS, IMLE_LS, IND_LS, INS_LS, INSE_LS, ISL_LS, ISLE_LS, JEF_LS, JEFE_LS, JEO_LS, JEOE_LS, KIM_LS, KIME_LS, KMM_LS, KMME_LS, KMP_LS, KOM_LS, KOME_LS, MAD_LS, MADE_LS, MAK_LS, MAKE_LS, MAT_LS, MATE_LS, MEN_LS, MET_LS, METE_LS, MIM_LS, MIME_LS, MMD_LS, MTM_LS, MTO_LS, MTOE_LS, MTR_LS, MUT_LS, MUZ_LS, MUZE_LS, MZT_LS, NAE_LS, PEM_LS, PEME_LS, PET_LS, PETE_LS, ROS_LS, ROSE_LS, SAO_OL, SBP_LS, SBPE_LS, SECE_LS, SES_LS, SES_TH_LS, SES_TS_LS, STP_LS, TEK_LS, TEKE_LS, TEL_LS, THO_LS, UCK_LS, UZB_LS, UZBE_LS, VBAE_LS, YZVE_LS",-,-,TUR
30318,TUR 122,Türk Dili II,Fiziksel (Yüz yüze),Timur Aydın,MED MED,Perşembe Cuma,12:30/14:59 14:00/16:29,B33 B33,50,38,-,"ARC_LS, BIO_LS, BIOE_LS, BLG_LS, BLGE_LS, BST_LS, CAB_3T_LS, CAB_4T_LS, CAB_BG_LS, CAB_DL_LS, CAB_DS_LS, CAB_KA_LS, CAB_KE_LS, CAB_KL_LS, CAB_KM_LS, CAB_KO_LS, CAB_LS, CAB_ME_LS, CAB_NE_LS, CAB_TA_LS, CAB_TN_LS, CAB_UD_LS, CAB_VC_LS, CAB_VI_LS, CAB_VS_LS, CEB_LS, CEN_LS, CEV_LS, CEVE_LS, CHZ_LS, CHZE_LS, DEN_LS, DENE_LS, ECNE_LS, EEE_LS, EFN_LS, EHB_LS, EHBE_LS, ELE_LS, ELH_LS, ELK_LS, ELKE_LS, END_LS, ENDE_LS, ENTE_LS, ESS_LS, EUT_LS, EUTE_LS, FIZ_LS, FIZE_LS, GEM_LS, GEME_LS, GEMK_LS, GEO_LS, GEOE_LS, GID_LS, GIDE_LS, HTA_LS, HTAE_LS, IAD_LS, IBM_LS, ICM_LS, IML_LS, IMLE_LS, IND_LS, INS_LS, INSE_LS, ISL_LS, ISLE_LS, JEF_LS, JEFE_LS, JEO_LS, JEOE_LS, KIM_LS, KIME_LS, KMM_LS, KMME_LS, KMP_LS, KOM_LS, KOME_LS, MAD_LS, MADE_LS, MAK_LS, MAKE_LS, MAT_LS, MATE_LS, MEN_LS, MET_LS, METE_LS, MIM_LS, MIME_LS, MMD_LS, MTM_LS, MTO_LS, MTOE_LS, MTR_LS, MUT_LS, MUZ_LS, MUZE_LS, MZT_LS, NAE_LS, PEM_LS, PEME_LS, PET_LS, PETE_LS, ROS_LS, ROSE_LS, SAO_OL, SBP_LS, SBPE_LS, SECE_LS, SES_LS, SES_TH_LS, SES_TS_LS, STP_LS, TEK_LS, TEKE_LS, TEL_LS, THO_LS, UCK_LS, UZB_LS, UZBE_LS, VBAE_LS, YZVE_LS",-,-,TUR
30319,TUR 122,Türk Dili II,Fiziksel (Yüz yüze),Timur Aydın,MED MED,Çarşamba Perşembe,15:00/17:29 15:00/17:29,B33 B33,50,39,-,"ARC_LS, BIO_LS, BIOE_LS, BLG_LS, BLGE_LS, BST_LS, CAB_3T_LS, CAB_4T_LS, CAB_BG_LS, CAB_DL_LS, CAB_DS_LS, CAB_KA_LS, CAB_KE_LS, CAB_KL_LS, CAB_KM_LS, CAB_KO_LS, CAB_LS, CAB_ME_LS, CAB_NE_LS, CAB_TA_LS, CAB_TN_LS, CAB_UD_LS, CAB_VC_LS, CAB_VI_LS, CAB_VS_LS, CEB_LS, CEN_LS, CEV_LS, CEVE_LS, CHZ_LS, CHZE_LS, DEN_LS, DENE_LS, ECNE_LS, EEE_LS, EFN_LS, EHB_LS, EHBE_LS, ELE_LS, ELH_LS, ELK_LS, ELKE_LS, END_LS, ENDE_LS, ENTE_LS, ESS_LS, EUT_LS, EUTE_LS, FIZ_LS, FIZE_LS, GEM_LS, GEME_LS, GEMK_LS, GEO_LS, GEOE_LS, GID_LS, GIDE_LS, HTA_LS, HTAE_LS, IAD_LS, IBM_LS, ICM_LS, IML_LS, IMLE_LS, IND_LS, INS_LS, INSE_LS, ISL_LS, ISLE_LS, JEF_LS, JEFE_LS, JEO_LS, JEOE_LS, KIM_LS, KIME_LS, KMM_LS, KMME_LS, KMP_LS, KOM_LS, KOME_LS, MAD_LS, MADE_LS, MAK_LS, MAKE_LS, MAT_LS, MATE_LS, MEN_LS, MET_LS, METE_LS, MIM_LS, MIME_LS, MMD_LS, MTM_LS, MTO_LS, MTOE_LS, MTR_LS, MUT_LS, MUZ_LS, MUZE_LS, MZT_LS, NAE_LS, PEM_LS, PEME_LS, PET_LS, PETE_LS, ROS_LS, ROSE_LS, SAO_OL, SBP_LS, SBPE_LS, SECE_LS, SES_LS, SES_TH_LS, SES_TS_LS, STP_LS, TEK_LS, TEKE_LS, TEL_LS, THO_LS, UCK_LS, UZB_LS, UZBE_LS, VBAE_LS, YZVE_LS",-,-,TUR
30277,UCK 207E,Thermodynamics,Fiziksel (Yüz yüze),Cemil Kurtcebe,MEDC MEDC,Pazartesi Pazartesi,09:30/12:29 13:30/17:29,ZA3 ZA3,70,64,-,"UCK_LS, UZB_LS, UZBE_LS",Detay,-,UCK
30343,UCK 322E,Flight Mechanics,Fiziksel (Yüz yüze),"Halit Süleyman Türkmen , Emre Koyuncu",MEDC MEDC,Pazartesi Pazartesi,08:30/12:29 13:30/16:29,1D10 1D10,40,25,-,"UCK_LS, UCK_YD",-,-,UCK
30333,UCK 421E,Jet Propulsion Principles,Fiziksel (Yüz yüze),Cemil Kurtcebe,MEDC MEDC,Perşembe Perşembe,08:30/12:29 13:30/16:29,ZA3 ZA3,80,68,-,"UCK_LS, UCK_YD, UZB_LS, UZBE_LS",-,Detay,UCK
30278,UZB 314E,Heat Transfer,Fiziksel (Yüz yüze),Cemil Kurtcebe,MEDC MEDC,Cuma Cuma,09:30/12:29 14:30/16:29,ZA3 ZA3,85,81,-,"UCK_LS, UZB_LS, UZBE_LS",Detay,-,UZB
30344,UZB 337E,Aerospace Structures,Fiziksel (Yüz yüze),"Seher Eken , Aytaç Arıkoğlu",MEDC MEDC MEDC,Salı Salı Çarşamba,09:30/12:29 13:30/16:29 10:00/13:29,1D10 1D10 1D10,50,28,-,"UCK_LS, UCK_YD, UZB_LS, UZBE_LS",Detay,-,UZB
30282,UZB 352E,Orbital Mechanics,Fiziksel (Yüz yüze),Erdem Onur Özyurt,MEDC MEDC,Salı Salı,08:30/12:29 13:30/16:29,ZA4 ZA4,50,26,-,"UZB_LS, UZB_YD, UZBE_LS",Detay,-,UZB
30283,UZB 421E,Attitude Determination & Ctrl.,Fiziksel (Yüz yüze),Erdem Onur Özyurt,MEDC MEDC,Pazartesi Pazartesi,08:30/12:29 13:30/16:29,ZA4 ZA4,50,9,-,"UZB_LS, UZBE_LS",Detay,-,UZB
30410,YZV 104E,Introduction to Programming for Data Science,Fiziksel (Yüz yüze),"Berna Kiraz , Tacettin Ayar",BBB BBB BBB BBB,Pazartesi Pazartesi Salı Salı,09:30/12:29 13:30/16:29 09:30/12:29 13:30/16:29,Z-18 Z-18 Z-18 Z-18,45,44,-,YZVE_LS,-,-,YZV
30340,YZV 201E,Data Structures,Fiziksel (Yüz yüze),Berna Kiraz,BBB BBB BBB BBB,Çarşamba Çarşamba Perşembe Perşembe,09:30/12:29 13:30/15:29 09:30/11:59 13:30/15:29,104 104 104 104,30,27,-,YZVE_LS,Detay,-,YZV
